1,2021-05-25 08:56:54.30388 UTC
76,2024-05-04 15:16:15.32974 UTC
52,2027-07-20 23:31:56.62693 UTC
58,2028-08-24 09:33:56.12254 UTC
11,2022-05-16 06:52:53.20728 UTC
64,2028-09-07 09:27:57.79187 UTC
99,2027-07-18 02:10:14.54657 UTC
77,2020-02-27 13:58:28.00207 UTC
12,2027-05-08 06:31:56.22075 UTC
32,2020-12-05 11:56:00.04015 UTC
85,2021-04-05 03:59:57.82976 UTC
70,2026-06-19 03:50:54.28515 UTC
30,2022-09-14 16:14:38.20987 UTC
87,2028-08-09 21:26:02.47781 UTC
92,2021-06-30 19:25:22.64258 UTC
52,2025-04-05 08:50:27.26629 UTC
54,2028-10-18 04:48:08.30402 UTC
15,2022-12-28 00:57:59.53384 UTC
9,2022-04-30 02:11:36.16615 UTC
0,2023-04-21 09:09:41.26673 UTC
31,2023-06-23 07:27:44.31411 UTC
47,2028-07-06 07:20:57.74639 UTC
73,2022-07-20 19:59:14.74244 UTC
0,2023-07-22 07:02:32.14788 UTC
93,2024-07-23 06:30:40.37962 UTC
89,2025-10-14 13:41:22.45563 UTC
73,2029-03-12 02:17:28.33189 UTC
60,2027-05-30 23:50:41.68686 UTC
71,2025-01-31 00:28:12.23732 UTC
28,2021-09-27 09:24:47.64691 UTC
48,2029-01-21 19:51:07.82578 UTC
81,2028-04-30 07:21:05.88859 UTC
17,2028-12-06 14:43:15.1324 UTC
29,2025-07-13 15:45:07.09216 UTC
39,2022-04-27 06:37:46.69412 UTC
87,2022-07-10 20:29:35.64948 UTC
82,2022-03-16 07:59:12.18652 UTC
96,2021-07-13 21:40:46.52218 UTC
57,2022-04-26 05:06:38.59429 UTC
15,2029-01-29 22:14:00.25168 UTC
29,2026-06-26 22:11:03.71461 UTC
50,2026-05-08 05:44:18.42713 UTC
42,2024-02-04 07:03:11.13853 UTC
19,2027-09-21 18:47:59.03901 UTC
67,2026-12-26 08:07:52.42429 UTC
13,2025-02-18 21:09:47.82822 UTC
72,2021-08-27 09:13:38.76543 UTC
23,2028-07-07 04:59:26.30173 UTC
67,2020-10-14 13:12:19.73078 UTC
44,2024-10-02 00:09:48.51335 UTC
8,2025-03-26 12:47:41.35892 UTC
16,2028-05-20 14:15:10.34796 UTC
54,2028-12-21 16:17:13.61867 UTC
84,2022-10-11 05:31:18.46639 UTC
36,2026-04-29 12:03:59.86514 UTC
79,2027-05-13 20:12:26.41815 UTC
93,2028-09-11 01:20:29.49729 UTC
37,2028-04-06 01:36:16.58028 UTC
51,2020-01-02 12:11:09.05733 UTC
13,2021-07-24 01:50:17.56861 UTC
54,2028-04-30 09:08:07.84195 UTC
45,2026-04-20 21:43:15.84719 UTC
19,2020-12-09 23:20:05.0014 UTC
9,2029-10-21 14:41:27.01936 UTC
78,2025-09-19 14:09:25.12993 UTC
7,2024-06-05 11:05:58.21083 UTC
6,2029-02-20 08:29:52.07792 UTC
31,2021-12-17 23:00:31.63455 UTC
78,2028-07-11 10:33:28.61092 UTC
24,2027-04-01 14:21:46.73039 UTC
0,2025-05-09 20:34:37.40688 UTC
93,2027-04-03 05:29:22.8055 UTC
21,2025-05-22 19:07:27.63465 UTC
75,2026-03-25 08:23:21.63911 UTC
34,2024-10-06 04:30:22.51735 UTC
43,2026-07-06 03:29:34.77692 UTC
6,2022-01-06 11:24:49.54039 UTC
50,2029-06-15 18:35:45.22524 UTC
93,2023-11-07 14:19:40.25396 UTC
60,2020-06-21 11:35:36.07624 UTC
87,2021-02-26 22:25:44.88229 UTC
14,2022-04-29 20:21:18.94907 UTC
91,2027-03-19 18:20:26.15843 UTC
75,2027-07-25 17:30:52.26436 UTC
64,2027-10-10 06:21:51.28624 UTC
53,2029-03-15 23:15:33.34054 UTC
40,2026-11-25 19:17:03.15096 UTC
19,2029-07-17 12:21:19.27246 UTC
92,2021-06-14 14:57:34.15253 UTC
37,2026-04-16 04:45:48.07477 UTC
66,2022-03-14 23:40:09.95308 UTC
51,2024-02-29 03:06:18.95925 UTC
92,2027-03-13 20:35:25.78829 UTC
36,2022-08-20 04:23:32.29614 UTC
7,2027-03-14 06:58:32.73243 UTC
56,2025-10-12 10:02:28.41283 UTC
55,2028-02-11 02:52:22.92117 UTC
17,2028-11-02 13:39:46.31883 UTC
10,2029-05-21 05:51:03.78274 UTC
1,2022-11-19 20:57:08.70358 UTC
9,2027-01-14 01:32:58.30312 UTC
42,2027-01-03 20:09:33.67733 UTC
97,2021-04-27 09:38:07.53313 UTC
45,2022-10-28 14:42:26.49839 UTC
8,2026-04-12 12:28:27.92035 UTC
54,2026-05-12 08:58:03.76165 UTC
80,2024-07-26 20:55:29.24204 UTC
99,2024-09-28 13:03:24.48637 UTC
5,2028-06-24 05:23:21.39935 UTC
12,2024-03-25 10:14:35.41596 UTC
21,2025-02-10 01:57:37.22481 UTC
69,2026-11-15 09:19:41.30337 UTC
87,2029-09-21 17:23:40.79083 UTC
73,2028-07-07 03:05:02.22765 UTC
45,2021-05-31 08:53:04.85754 UTC
48,2029-09-27 15:48:08.45325 UTC
27,2022-09-29 00:07:27.1761 UTC
44,2020-02-24 17:03:26.98248 UTC
10,2026-07-16 10:34:49.02109 UTC
86,2021-03-11 13:42:16.06556 UTC
69,2027-07-14 17:27:55.14945 UTC
22,2028-01-11 06:55:13.25408 UTC
5,2022-02-07 22:22:39.74315 UTC
51,2029-06-06 15:36:06.10668 UTC
89,2024-09-09 16:35:33.66519 UTC
96,2022-10-21 05:06:55.85448 UTC
83,2023-09-07 23:23:53.201 UTC
21,2026-06-16 18:05:52.02087 UTC
1,2025-01-03 16:53:21.51752 UTC
43,2028-04-01 18:02:31.63039 UTC
54,2020-10-05 12:29:16.71792 UTC
27,2022-09-10 06:15:49.52642 UTC
13,2028-11-07 21:59:46.22811 UTC
8,2024-03-09 23:14:01.66078 UTC
76,2028-07-03 02:08:49.37499 UTC
52,2023-06-08 16:11:41.67773 UTC
61,2023-10-26 16:27:21.97498 UTC
17,2029-07-05 10:51:25.72968 UTC
62,2024-12-09 08:17:03.14504 UTC
19,2027-02-16 21:07:53.1829 UTC
21,2028-09-10 04:17:08.90139 UTC
8,2029-06-17 16:33:05.69656 UTC
72,2022-09-24 15:25:37.93199 UTC
88,2024-05-11 20:33:57.70353 UTC
33,2027-06-07 15:51:44.29588 UTC
12,2020-09-22 13:10:47.02832 UTC
36,2028-10-07 02:31:25.34047 UTC
93,2028-10-13 02:11:02.80357 UTC
92,2025-11-04 09:27:27.32809 UTC
22,2029-01-21 13:42:17.74657 UTC
32,2020-06-30 13:35:30.40171 UTC
31,2021-06-26 08:10:52.76403 UTC
40,2028-06-17 00:20:59.23896 UTC
63,2021-07-27 04:43:16.98947 UTC
11,2029-11-10 23:21:51.12659 UTC
62,2024-11-02 22:38:20.85289 UTC
46,2029-06-19 22:34:51.92718 UTC
56,2020-11-17 07:15:19.06362 UTC
61,2024-06-17 17:13:10.58347 UTC
56,2027-11-07 10:21:10.93512 UTC
18,2020-02-08 02:31:24.22073 UTC
43,2020-07-22 23:36:59.2411 UTC
21,2024-09-01 09:41:34.37166 UTC
95,2021-12-19 05:12:13.38239 UTC
7,2020-07-20 03:27:51.00232 UTC
73,2029-05-18 22:50:15.99108 UTC
80,2024-06-24 12:40:50.53715 UTC
39,2026-05-01 05:45:25.12248 UTC
58,2022-07-01 22:47:14.49721 UTC
86,2025-08-21 07:15:54.90493 UTC
87,2023-08-27 06:26:09.77271 UTC
27,2023-04-04 04:17:50.31354 UTC
53,2023-08-22 07:12:13.62532 UTC
28,2026-02-22 05:25:15.74591 UTC
13,2024-03-24 20:21:44.50441 UTC
7,2020-02-02 06:13:20.8762 UTC
23,2020-05-02 16:28:53.39343 UTC
53,2025-08-13 12:59:10.63919 UTC
36,2022-03-14 17:16:44.53484 UTC
64,2025-02-07 21:37:08.72509 UTC
42,2026-08-21 13:28:41.49117 UTC
93,2022-09-24 18:01:19.2418 UTC
75,2025-08-20 23:47:13.62769 UTC
64,2026-06-26 15:09:59.46083 UTC
77,2026-10-03 19:57:21.46362 UTC
73,2027-02-14 04:49:31.43303 UTC
50,2025-07-11 20:14:25.88361 UTC
57,2024-12-15 13:24:41.48368 UTC
52,2020-02-20 02:09:42.69215 UTC
36,2027-06-07 17:56:31.70427 UTC
34,2029-05-31 00:44:49.10407 UTC
43,2021-02-28 18:38:37.55634 UTC
1,2027-06-15 11:28:11.42288 UTC
74,2028-01-23 03:15:43.5115 UTC
81,2029-11-01 23:15:21.40118 UTC
77,2025-03-01 16:10:19.99713 UTC
47,2022-03-05 09:23:30.48584 UTC
6,2023-09-06 06:14:50.56562 UTC
98,2025-03-15 02:23:11.7628 UTC
47,2020-04-23 17:50:31.9637 UTC
53,2027-02-27 18:45:27.47403 UTC
28,2022-03-13 01:54:50.64393 UTC
40,2021-03-15 19:24:06.06106 UTC
78,2025-04-23 11:47:10.80573 UTC
46,2024-07-20 15:40:59.67202 UTC
90,2029-03-05 09:45:56.41442 UTC
5,2028-05-15 14:48:13.5982 UTC
6,2021-06-26 22:03:41.04125 UTC
12,2022-05-20 13:30:16.48941 UTC
67,2023-01-12 12:19:15.90537 UTC
45,2021-02-23 06:12:15.06947 UTC
70,2027-02-17 17:54:42.67001 UTC
17,2025-07-23 22:11:21.92435 UTC
41,2021-12-25 06:33:34.34167 UTC
9,2026-05-28 09:29:38.29539 UTC
98,2024-12-21 11:11:56.49313 UTC
73,2022-06-13 15:53:26.11311 UTC
44,2026-05-26 20:20:17.12295 UTC
44,2027-09-04 07:00:29.83674 UTC
90,2021-09-28 22:18:52.17561 UTC
79,2020-08-13 06:39:38.88702 UTC
21,2024-01-05 06:54:33.99797 UTC
92,2022-11-02 09:27:04.46178 UTC
85,2021-06-11 05:22:40.70427 UTC
26,2023-09-18 16:42:28.47032 UTC
57,2027-03-06 09:07:10.3971 UTC
70,2021-10-06 08:38:16.78195 UTC
92,2026-11-15 20:52:50.23716 UTC
92,2027-02-02 03:35:04.38551 UTC
53,2020-07-01 08:38:07.60321 UTC
4,2024-02-20 09:01:29.39804 UTC
29,2025-10-20 00:17:51.36307 UTC
59,2022-06-20 19:07:15.95054 UTC
82,2023-05-24 01:10:53.52972 UTC
9,2020-07-11 01:44:54.12643 UTC
14,2029-12-24 14:21:59.61603 UTC
97,2022-11-01 01:36:57.93313 UTC
25,2021-01-29 21:24:59.53697 UTC
28,2022-01-01 13:25:19.23972 UTC
29,2021-06-08 21:22:41.68654 UTC
9,2027-04-20 16:55:05.35233 UTC
63,2026-09-11 14:52:19.43305 UTC
92,2024-11-17 01:40:11.76858 UTC
26,2026-01-04 01:18:39.95227 UTC
78,2026-06-12 22:51:24.40077 UTC
37,2027-05-15 07:25:34.91163 UTC
37,2024-04-26 09:23:09.62239 UTC
84,2026-05-23 06:46:34.27915 UTC
50,2026-02-28 05:31:43.47368 UTC
88,2024-08-04 00:44:21.39912 UTC
30,2025-10-13 11:29:13.97983 UTC
78,2022-01-05 19:27:23.4505 UTC
96,2025-01-08 21:38:30.18423 UTC
87,2020-10-07 20:58:08.4942 UTC
31,2025-09-08 12:52:03.51694 UTC
19,2027-11-22 02:29:46.64489 UTC
83,2020-11-20 08:27:49.4568 UTC
55,2029-07-30 01:57:53.27647 UTC
47,2025-06-23 06:24:35.03619 UTC
46,2024-10-09 03:23:26.93666 UTC
34,2020-05-11 01:10:01.74635 UTC
23,2027-07-21 00:35:55.2479 UTC
17,2027-11-08 02:17:25.97454 UTC
86,2023-04-09 04:16:51.38163 UTC
88,2025-07-15 12:28:00.81942 UTC
53,2026-02-24 02:22:19.95584 UTC
42,2027-03-18 11:42:02.88741 UTC
41,2020-01-03 16:32:51.45564 UTC
48,2021-07-03 18:34:16.18931 UTC
36,2022-12-05 00:21:21.07752 UTC
75,2029-04-23 03:34:58.83755 UTC
32,2025-01-31 23:06:06.29678 UTC
27,2024-07-22 14:13:53.06606 UTC
3,2024-12-28 08:27:44.1431 UTC
79,2024-12-15 23:17:51.66457 UTC
14,2026-04-11 21:40:17.2699 UTC
19,2027-08-27 14:24:00.44303 UTC
30,2023-10-23 19:04:25.05113 UTC
28,2025-06-11 01:24:14.85753 UTC
43,2020-03-07 09:50:55.1328 UTC
57,2027-04-20 01:23:21.6549 UTC
49,2020-12-31 14:01:50.88904 UTC
92,2022-03-19 04:45:30.87071 UTC
11,2026-10-20 14:20:24.54561 UTC
88,2027-07-07 19:52:39.37976 UTC
77,2022-06-30 17:49:02.63231 UTC
22,2026-05-02 01:41:58.70103 UTC
33,2021-02-04 20:02:36.44641 UTC
87,2023-07-27 11:33:46.91109 UTC
36,2029-04-20 06:20:12.99992 UTC
37,2028-07-20 08:58:31.69202 UTC
19,2024-09-21 17:06:19.22279 UTC
41,2025-07-10 15:30:07.68834 UTC
18,2028-12-03 23:46:12.91062 UTC
53,2022-05-05 06:20:53.52081 UTC
87,2020-09-21 03:55:42.04202 UTC
41,2026-04-30 02:06:32.20557 UTC
93,2027-07-16 00:47:15.84643 UTC
21,2020-06-27 23:14:25.91966 UTC
79,2025-12-18 12:09:38.33441 UTC
50,2024-07-09 03:25:42.52763 UTC
80,2026-02-03 19:26:52.95533 UTC
56,2021-11-27 12:43:13.64749 UTC
50,2028-09-26 22:46:46.87678 UTC
56,2026-09-17 09:43:44.70514 UTC
13,2022-05-29 22:00:11.02938 UTC
50,2029-01-13 20:24:48.25974 UTC
67,2021-04-10 13:21:06.83274 UTC
29,2022-02-03 16:49:46.21832 UTC
88,2023-02-23 08:59:34.08029 UTC
64,2025-11-18 14:00:29.19943 UTC
96,2023-08-05 02:03:17.70096 UTC
98,2028-08-03 06:20:55.68218 UTC
64,2022-03-11 16:41:53.57931 UTC
60,2023-04-27 08:23:59.56237 UTC
64,2026-12-16 11:33:13.52176 UTC
92,2029-03-30 18:52:59.92517 UTC
74,2027-02-18 19:06:39.28418 UTC
65,2028-11-11 18:50:38.70687 UTC
10,2026-10-09 18:20:34.8608 UTC
54,2024-08-19 04:09:15.7654 UTC
88,2024-01-24 10:34:31.44901 UTC
26,2021-01-26 14:32:27.81433 UTC
60,2022-08-21 13:01:20.43503 UTC
11,2023-03-28 12:19:27.10895 UTC
34,2025-04-18 05:38:55.36299 UTC
6,2024-12-11 06:01:19.88569 UTC
56,2027-09-06 10:42:14.97526 UTC
97,2025-01-23 04:05:44.05554 UTC
33,2024-11-12 02:02:06.06549 UTC
40,2025-05-06 03:57:01.87151 UTC
86,2021-07-10 16:57:28.72406 UTC
81,2028-09-06 06:10:55.8643 UTC
98,2027-08-04 12:56:37.94886 UTC
89,2021-07-20 15:08:30.77802 UTC
25,2026-03-28 05:17:29.63703 UTC
17,2026-12-22 00:36:05.95004 UTC
30,2024-08-13 00:08:04.10069 UTC
31,2024-11-18 13:23:21.67929 UTC
93,2021-03-02 01:10:58.60218 UTC
24,2021-09-04 01:57:28.27506 UTC
91,2021-05-21 18:50:40.3022 UTC
81,2024-04-17 01:34:09.7652 UTC
76,2026-07-24 04:22:40.76062 UTC
52,2023-03-24 03:18:00.77398 UTC
62,2028-02-25 09:55:05.89953 UTC
48,2026-08-29 09:01:35.12852 UTC
22,2022-07-07 22:20:38.76594 UTC
59,2021-06-17 20:37:22.07764 UTC
11,2027-10-30 07:54:17.04104 UTC
13,2022-05-24 22:43:20.28696 UTC
20,2021-01-05 16:22:38.53193 UTC
32,2021-08-08 03:17:50.14865 UTC
77,2029-04-20 05:10:32.36948 UTC
45,2021-09-21 08:20:09.34833 UTC
6,2023-12-14 18:39:18.83133 UTC
43,2022-05-11 23:26:51.23951 UTC
61,2020-07-31 20:50:57.9841 UTC
12,2025-01-25 01:12:15.83089 UTC
1,2026-11-11 00:35:04.41153 UTC
70,2028-10-09 05:38:48.76799 UTC
39,2024-06-04 22:02:37.54624 UTC
51,2024-06-23 02:35:30.53626 UTC
39,2026-12-08 01:42:34.43432 UTC
84,2024-10-22 08:10:46.11987 UTC
42,2020-12-05 09:01:09.52934 UTC
67,2029-04-20 20:12:29.60157 UTC
10,2027-10-05 20:47:01.5488 UTC
23,2022-10-31 02:34:20.16673 UTC
85,2028-06-11 17:37:20.89747 UTC
47,2028-04-23 16:20:21.08252 UTC
0,2024-03-22 09:20:22.2871 UTC
94,2023-10-01 21:11:56.90577 UTC
82,2022-07-29 16:51:03.2436 UTC
65,2023-01-27 18:54:48.88728 UTC
77,2029-10-11 07:57:23.5383 UTC
28,2026-11-10 16:57:03.2515 UTC
22,2020-05-30 23:08:23.66781 UTC
53,2025-11-06 08:17:59.27033 UTC
16,2028-02-29 00:37:33.17444 UTC
3,2029-04-16 01:56:24.03671 UTC
51,2020-02-17 16:05:57.5222 UTC
44,2026-06-08 00:46:36.65372 UTC
49,2025-04-25 12:44:37.09975 UTC
15,2029-01-22 05:10:55.22939 UTC
41,2028-11-22 07:49:12.95618 UTC
58,2026-06-11 18:45:43.38065 UTC
5,2026-07-17 21:58:14.31188 UTC
28,2021-08-15 18:26:28.26493 UTC
85,2028-10-19 09:24:04.8644 UTC
90,2023-06-01 12:29:45.37423 UTC
24,2024-09-17 17:31:23.45559 UTC
95,2028-10-08 19:48:29.72556 UTC
58,2025-08-07 02:43:39.72288 UTC
42,2024-11-24 03:53:35.75209 UTC
13,2023-12-21 05:25:50.63827 UTC
8,2027-02-07 23:37:20.55937 UTC
97,2029-09-29 05:33:14.73623 UTC
51,2029-01-11 14:28:58.75191 UTC
34,2028-05-07 20:38:43.8167 UTC
58,2021-07-09 04:03:02.15976 UTC
55,2026-05-30 00:27:10.78881 UTC
42,2029-04-30 07:16:08.58053 UTC
71,2023-03-16 18:35:13.7435 UTC
97,2027-11-23 02:10:01.13787 UTC
41,2026-01-15 18:22:42.10857 UTC
79,2026-10-05 16:41:59.36868 UTC
29,2027-05-08 10:33:54.33667 UTC
22,2023-08-06 11:38:48.19234 UTC
61,2024-12-04 04:31:44.40115 UTC
62,2026-10-31 02:41:11.6637 UTC
54,2027-08-29 12:08:18.91367 UTC
75,2024-10-23 06:37:17.07587 UTC
87,2022-04-08 09:49:24.98058 UTC
62,2029-10-04 01:10:00.9127 UTC
45,2023-01-13 00:12:51.50778 UTC
75,2029-12-08 00:03:03.99938 UTC
42,2028-09-17 02:00:30.82472 UTC
92,2027-05-23 02:55:23.55086 UTC
1,2026-03-25 16:50:31.53947 UTC
90,2022-05-02 08:42:40.57128 UTC
17,2028-05-29 00:08:39.56917 UTC
99,2024-06-04 18:54:34.6677 UTC
61,2026-03-26 01:30:47.99703 UTC
20,2025-04-17 06:34:11.87735 UTC
95,2023-03-08 09:30:07.47517 UTC
63,2025-06-20 23:03:42.54575 UTC
2,2021-05-17 00:52:29.53179 UTC
35,2029-03-07 02:50:50.30541 UTC
63,2026-07-10 13:23:33.27453 UTC
5,2028-11-28 21:54:21.66662 UTC
59,2023-11-03 02:16:00.41607 UTC
61,2021-08-03 10:15:29.49704 UTC
81,2027-08-01 13:26:32.63874 UTC
46,2021-02-03 09:22:13.92438 UTC
50,2029-12-26 17:58:09.40557 UTC
92,2024-07-23 14:59:25.75334 UTC
55,2028-05-21 19:02:59.13566 UTC
83,2025-02-26 12:53:08.35642 UTC
60,2025-08-07 12:56:20.38508 UTC
31,2028-07-04 04:22:03.69705 UTC
7,2026-03-02 12:48:54.75334 UTC
91,2021-12-13 01:18:10.90306 UTC
70,2021-03-30 14:11:02.66527 UTC
60,2028-08-16 20:17:45.96497 UTC
89,2021-05-03 16:41:48.38829 UTC
71,2020-07-20 23:20:02.98544 UTC
47,2020-07-12 08:49:19.19221 UTC
61,2023-05-13 05:48:35.13113 UTC
59,2025-11-16 20:50:33.91856 UTC
47,2026-06-24 17:52:49.72678 UTC
19,2028-06-27 03:14:15.95977 UTC
54,2026-09-18 16:33:39.51928 UTC
6,2027-06-29 02:33:32.82429 UTC
59,2027-07-23 16:26:57.58185 UTC
47,2022-03-16 02:12:18.05308 UTC
14,2024-05-23 19:53:54.32375 UTC
16,2020-06-24 22:41:46.50624 UTC
18,2021-03-30 23:53:46.06356 UTC
90,2024-06-17 03:41:25.48082 UTC
48,2029-02-17 01:36:14.41098 UTC
71,2025-09-24 20:59:50.84819 UTC
83,2021-01-26 00:48:08.32645 UTC
80,2024-12-01 15:36:58.1374 UTC
30,2020-02-02 04:46:03.73008 UTC
31,2021-08-29 19:40:11.85704 UTC
33,2027-08-25 04:03:55.6656 UTC
56,2023-04-01 17:08:23.41828 UTC
56,2027-09-09 17:46:17.53417 UTC
0,2028-09-17 18:19:33.14791 UTC
53,2022-08-01 10:50:33.03179 UTC
26,2022-01-29 15:33:00.47204 UTC
35,2026-01-29 19:30:46.90815 UTC
40,2027-05-20 00:46:53.59554 UTC
25,2025-03-18 04:52:33.08408 UTC
65,2026-05-24 09:28:00.13918 UTC
5,2025-12-21 10:29:08.61533 UTC
0,2023-10-07 15:10:36.37179 UTC
56,2022-01-16 06:49:33.43056 UTC
96,2026-11-07 11:02:26.16116 UTC
82,2021-11-09 02:37:06.28114 UTC
14,2021-05-27 19:41:18.92066 UTC
82,2025-08-04 11:53:40.08593 UTC
79,2029-09-06 23:40:19.3244 UTC
5,2026-10-29 19:07:36.59556 UTC
71,2023-05-20 16:32:03.34052 UTC
49,2020-08-04 12:24:31.85044 UTC
94,2029-10-09 04:36:10.58089 UTC
29,2028-10-04 08:56:20.74555 UTC
89,2027-11-09 04:38:24.00236 UTC
32,2023-12-05 15:47:59.41327 UTC
62,2027-10-17 08:18:28.0379 UTC
46,2020-09-18 14:06:40.24008 UTC
69,2021-01-08 12:22:33.87452 UTC
25,2024-01-13 10:10:17.89538 UTC
59,2026-01-01 22:42:27.90507 UTC
51,2027-06-19 05:53:33.83389 UTC
86,2025-03-04 17:21:26.0916 UTC
1,2027-04-11 18:00:33.54623 UTC
89,2020-06-23 17:26:01.21527 UTC
49,2021-06-02 14:29:34.04717 UTC
67,2022-03-17 10:20:22.80483 UTC
6,2026-04-30 10:11:51.32043 UTC
57,2028-09-14 23:56:45.48733 UTC
58,2029-07-17 15:12:35.38805 UTC
83,2021-07-13 14:26:35.66975 UTC
44,2026-06-06 22:52:24.9766 UTC
62,2026-02-28 03:48:23.41492 UTC
87,2022-05-25 11:13:41.20641 UTC
42,2022-12-14 15:44:48.26891 UTC
21,2027-08-10 12:48:03.1518 UTC
33,2026-05-30 05:44:23.74406 UTC
78,2029-02-28 16:45:06.96877 UTC
26,2028-10-27 22:12:00.77398 UTC
43,2023-08-28 19:22:53.12993 UTC
12,2029-09-30 17:21:11.35494 UTC
39,2022-04-30 05:09:46.34888 UTC
98,2023-08-22 17:02:31.10133 UTC
26,2029-09-22 12:26:04.65019 UTC
71,2025-06-13 12:50:39.46586 UTC
75,2027-09-03 10:50:00.45964 UTC
7,2023-09-05 21:44:27.1983 UTC
72,2021-03-04 20:03:13.27371 UTC
86,2028-12-25 12:11:46.52833 UTC
35,2028-04-06 20:24:05.25702 UTC
0,2025-02-13 19:25:52.98923 UTC
15,2027-09-15 10:55:27.35549 UTC
38,2029-10-26 20:28:38.95945 UTC
76,2026-02-25 02:36:18.9113 UTC
98,2025-10-09 19:02:46.09518 UTC
86,2020-05-03 04:11:33.71864 UTC
19,2029-03-10 17:58:24.57783 UTC
81,2029-10-14 23:16:14.67655 UTC
41,2021-05-10 23:03:14.7979 UTC
9,2020-01-13 14:29:30.3963 UTC
32,2024-12-16 09:10:41.90331 UTC
72,2024-01-27 05:37:12.80933 UTC
35,2029-01-23 16:31:18.38862 UTC
26,2020-11-13 09:22:16.13318 UTC
52,2028-05-15 13:18:20.76606 UTC
73,2021-09-23 01:20:23.42326 UTC
6,2025-02-22 11:48:46.69332 UTC
0,2023-01-04 19:03:49.45912 UTC
67,2028-09-27 19:44:36.00785 UTC
59,2025-12-24 00:25:24.77344 UTC
9,2029-09-19 16:25:13.94372 UTC
27,2021-01-11 22:38:33.43976 UTC
23,2023-07-24 00:05:57.77215 UTC
60,2028-12-07 09:57:38.70183 UTC
40,2022-04-30 15:46:50.59054 UTC
24,2020-03-08 12:51:09.07217 UTC
57,2024-04-04 20:29:32.4032 UTC
46,2029-03-02 15:07:20.15243 UTC
22,2025-12-18 23:23:33.9248 UTC
7,2020-01-05 00:53:50.65879 UTC
56,2025-09-06 21:59:27.43226 UTC
77,2023-11-01 08:33:56.22987 UTC
39,2027-03-02 05:43:35.97275 UTC
68,2028-04-02 12:27:44.4066 UTC
19,2022-01-03 21:36:01.93278 UTC
51,2028-11-30 06:51:19.55498 UTC
21,2022-06-10 15:17:44.7723 UTC
48,2021-06-18 11:22:57.36604 UTC
44,2028-08-25 11:08:32.0177 UTC
18,2027-01-24 13:31:54.83706 UTC
72,2027-07-16 03:40:53.57127 UTC
0,2027-11-21 12:06:01.48452 UTC
40,2020-02-03 08:12:35.85685 UTC
81,2024-01-12 11:57:44.44399 UTC
9,2028-07-28 20:03:14.88025 UTC
74,2021-04-27 02:41:15.66696 UTC
18,2020-11-08 18:46:52.20118 UTC
35,2025-11-16 07:20:58.86527 UTC
10,2029-02-25 21:25:29.54797 UTC
75,2026-04-30 20:03:28.62039 UTC
53,2024-11-04 04:59:08.34214 UTC
88,2024-10-29 11:14:08.67962 UTC
48,2024-03-01 07:45:17.48764 UTC
72,2027-04-06 20:19:33.81854 UTC
31,2027-01-28 02:09:13.01618 UTC
23,2023-11-08 09:51:20.20854 UTC
8,2021-03-12 20:07:02.37204 UTC
99,2020-05-27 17:39:26.54128 UTC
48,2029-05-01 12:32:55.87544 UTC
8,2026-01-08 16:29:54.33705 UTC
56,2021-02-15 21:46:09.87802 UTC
95,2020-10-11 00:53:01.77515 UTC
98,2028-03-12 01:14:30.22326 UTC
72,2023-02-01 12:51:00.05998 UTC
55,2021-02-14 08:55:53.2364 UTC
60,2020-05-19 16:04:36.61677 UTC
41,2029-01-30 15:05:27.23624 UTC
31,2021-09-06 23:00:58.1033 UTC
22,2025-11-15 15:20:44.27468 UTC
49,2026-11-05 14:01:03.71882 UTC
61,2021-07-25 07:27:10.26756 UTC
87,2022-08-20 10:39:41.26162 UTC
72,2028-10-17 06:26:27.55158 UTC
42,2029-07-26 02:52:35.8289 UTC
15,2024-08-04 17:52:15.91319 UTC
35,2023-10-23 06:49:34.29925 UTC
82,2022-04-27 23:17:07.00729 UTC
36,2026-05-06 06:14:42.84846 UTC
37,2028-05-17 19:04:01.32519 UTC
71,2027-01-22 14:01:40.56167 UTC
31,2027-02-04 16:25:24.06458 UTC
5,2026-03-28 19:21:40.83928 UTC
22,2027-12-11 06:25:12.499 UTC
19,2026-05-27 13:58:49.79398 UTC
46,2024-09-28 12:14:46.54489 UTC
28,2023-01-06 04:38:57.10343 UTC
3,2027-06-30 21:34:16.77103 UTC
74,2020-04-13 04:20:29.79655 UTC
90,2026-10-03 17:29:44.41179 UTC
27,2028-09-06 00:42:50.32948 UTC
87,2025-10-23 04:24:35.69935 UTC
92,2023-05-29 02:50:42.96496 UTC
19,2029-06-30 01:37:57.63516 UTC
97,2020-06-29 09:51:28.45989 UTC
62,2026-11-01 18:40:53.43435 UTC
41,2020-12-21 07:13:59.90689 UTC
64,2022-07-31 08:45:27.47318 UTC
42,2025-11-17 20:21:08.50454 UTC
96,2025-08-27 15:17:39.98156 UTC
67,2022-10-19 08:12:43.99537 UTC
0,2023-10-18 09:54:32.67502 UTC
60,2027-01-18 03:48:47.38213 UTC
11,2021-12-12 11:35:13.85686 UTC
60,2024-12-29 16:39:45.48136 UTC
32,2028-01-03 11:36:00.59204 UTC
87,2024-05-19 00:09:43.24076 UTC
52,2028-11-27 07:42:50.73934 UTC
94,2026-04-11 02:05:13.38341 UTC
56,2022-07-16 03:06:28.55056 UTC
52,2026-04-28 14:46:50.26742 UTC
67,2025-01-23 16:15:36.67689 UTC
74,2022-02-13 08:56:29.10358 UTC
58,2029-07-15 03:00:50.61219 UTC
3,2020-12-27 08:22:35.69235 UTC
98,2024-11-05 18:05:07.79216 UTC
94,2020-08-28 11:42:31.66136 UTC
26,2026-04-14 04:58:01.20401 UTC
68,2023-11-14 15:08:09.27903 UTC
93,2029-02-09 05:12:53.2298 UTC
83,2025-08-03 21:14:06.78376 UTC
37,2026-03-03 18:15:45.33327 UTC
96,2028-09-16 01:13:14.17249 UTC
67,2027-02-16 07:38:21.14147 UTC
91,2021-09-10 10:49:58.114 UTC
26,2029-01-31 15:57:37.18766 UTC
50,2029-06-11 13:45:46.73254 UTC
49,2024-01-17 10:41:57.64261 UTC
10,2027-06-11 06:59:28.38423 UTC
89,2020-02-24 16:45:35.30384 UTC
15,2025-03-23 08:10:44.34368 UTC
5,2027-04-03 01:02:30.40771 UTC
56,2025-07-03 16:39:48.75654 UTC
28,2021-04-17 15:30:32.18641 UTC
86,2029-03-31 16:39:23.47491 UTC
1,2026-08-10 06:33:29.42167 UTC
99,2020-07-19 03:31:00.96841 UTC
44,2023-06-25 04:08:47.42649 UTC
84,2029-10-21 07:02:58.65038 UTC
17,2027-12-19 23:34:58.48641 UTC
63,2029-03-13 13:17:12.00875 UTC
41,2023-08-08 13:10:16.65217 UTC
7,2023-04-06 22:02:21.24367 UTC
88,2023-10-17 20:26:47.66967 UTC
70,2023-10-08 05:36:37.16845 UTC
99,2028-03-02 07:01:09.25543 UTC
95,2020-04-15 06:45:26.88829 UTC
50,2020-08-27 15:31:10.21074 UTC
50,2027-01-09 11:46:58.69588 UTC
19,2025-08-10 19:38:11.05776 UTC
93,2024-10-18 18:27:19.13171 UTC
28,2024-04-15 01:01:54.20418 UTC
89,2026-06-24 23:26:26.97265 UTC
62,2027-05-12 03:10:07.14794 UTC
52,2026-05-24 05:12:53.17366 UTC
31,2026-05-11 10:16:11.83056 UTC
1,2027-01-10 16:09:47.08013 UTC
20,2022-12-06 11:13:43.47939 UTC
56,2021-06-18 21:45:41.48024 UTC
92,2022-01-01 04:25:54.75107 UTC
86,2022-09-01 23:02:43.8921 UTC
45,2024-07-18 10:51:08.4942 UTC
42,2020-06-24 00:38:21.73715 UTC
30,2021-09-01 14:18:59.17451 UTC
69,2021-03-12 04:59:12.00422 UTC
4,2026-10-30 08:56:26.24984 UTC
44,2026-11-03 22:40:36.08786 UTC
47,2025-05-29 18:05:54.51214 UTC
43,2020-12-01 19:35:47.63589 UTC
16,2028-09-30 08:38:42.7321 UTC
55,2021-09-25 07:00:56.79811 UTC
61,2029-09-03 20:31:46.05153 UTC
92,2029-06-17 02:53:10.31784 UTC
87,2020-12-21 12:49:07.10303 UTC
28,2026-11-14 19:09:18.16689 UTC
86,2029-09-17 11:05:24.79672 UTC
25,2023-01-01 07:33:44.7224 UTC
47,2023-05-21 20:06:15.24604 UTC
23,2027-12-24 10:25:02.80909 UTC
65,2021-04-25 09:22:04.67324 UTC
39,2025-03-15 13:15:14.42721 UTC
59,2026-08-23 08:13:20.55824 UTC
8,2027-03-10 00:54:55.42279 UTC
81,2024-02-19 03:42:30.60803 UTC
60,2029-08-18 05:17:13.66464 UTC
23,2021-02-13 17:34:11.8199 UTC
65,2027-02-28 22:41:36.58002 UTC
14,2026-07-04 17:02:20.70723 UTC
53,2022-11-16 20:20:17.78396 UTC
18,2021-01-11 01:11:14.58652 UTC
67,2020-01-13 13:35:15.73022 UTC
66,2025-01-30 03:16:01.72124 UTC
92,2024-02-04 18:11:05.45456 UTC
96,2027-10-07 19:35:05.68699 UTC
65,2024-03-29 10:00:39.76416 UTC
30,2022-08-24 10:06:52.37569 UTC
72,2022-02-17 11:27:54.32007 UTC
17,2020-07-10 08:01:46.52564 UTC
57,2028-01-09 10:13:21.71797 UTC
37,2029-01-29 01:14:42.37675 UTC
23,2026-08-06 01:13:51.68352 UTC
89,2025-06-14 07:39:06.13119 UTC
42,2023-08-05 09:01:04.83518 UTC
28,2026-01-27 03:29:02.73666 UTC
8,2029-11-23 05:16:07.98667 UTC
29,2023-05-24 04:45:16.91717 UTC
55,2029-02-02 08:30:51.72281 UTC
87,2020-10-25 23:21:15.36252 UTC
68,2022-03-24 18:22:06.76095 UTC
41,2022-12-07 01:43:12.52762 UTC
39,2024-03-13 14:06:14.21095 UTC
78,2029-10-15 22:06:31.50551 UTC
74,2026-02-09 13:26:21.75444 UTC
7,2029-07-21 13:30:03.23399 UTC
48,2022-12-26 13:14:12.06437 UTC
43,2028-11-01 07:51:11.80867 UTC
3,2020-06-21 12:16:18.26757 UTC
67,2021-05-02 13:42:04.94236 UTC
5,2022-12-13 10:44:38.8937 UTC
50,2020-02-28 16:22:38.47886 UTC
20,2025-12-06 22:40:08.22119 UTC
6,2026-01-29 11:59:28.34429 UTC
65,2025-09-22 12:52:46.58646 UTC
18,2028-12-28 20:55:53.09219 UTC
74,2023-08-03 22:48:57.77693 UTC
63,2020-04-06 14:19:02.45352 UTC
60,2026-08-05 22:18:10.66427 UTC
15,2020-09-05 01:58:52.46615 UTC
35,2024-05-15 10:11:42.20106 UTC
51,2025-06-03 07:06:56.84796 UTC
45,2027-06-05 21:32:17.80881 UTC
62,2022-01-29 13:33:29.94401 UTC
46,2023-12-02 13:00:25.06384 UTC
92,2027-04-16 20:10:06.64281 UTC
4,2024-03-17 18:28:17.52941 UTC
97,2024-03-31 05:57:42.1858 UTC
20,2029-09-25 13:06:50.08174 UTC
39,2023-12-14 01:10:12.68338 UTC
32,2020-03-02 06:46:42.124 UTC
64,2023-05-02 03:07:21.33991 UTC
97,2029-08-27 10:02:18.6596 UTC
67,2026-04-11 06:08:27.30592 UTC
61,2026-01-25 08:14:30.52681 UTC
51,2025-01-13 23:20:45.72705 UTC
5,2029-10-31 00:44:09.09525 UTC
92,2026-08-29 18:43:34.6197 UTC
41,2021-08-24 20:45:49.95477 UTC
79,2029-10-18 10:01:34.81025 UTC
1,2028-08-14 19:17:31.08682 UTC
36,2020-06-20 22:58:20.51044 UTC
61,2026-03-19 19:31:37.44939 UTC
29,2020-07-03 08:29:17.86077 UTC
62,2020-02-16 19:00:33.76011 UTC
93,2020-02-19 20:51:21.72418 UTC
3,2023-10-09 23:17:43.9956 UTC
4,2020-10-06 19:05:42.32305 UTC
15,2025-12-19 08:53:38.72195 UTC
5,2022-10-14 01:24:43.366 UTC
66,2023-03-20 23:26:27.64862 UTC
65,2020-12-17 11:02:44.80027 UTC
79,2021-06-10 13:16:19.08721 UTC
57,2026-04-16 18:34:14.16657 UTC
49,2026-08-25 17:05:26.78942 UTC
3,2022-05-18 09:53:26.05223 UTC
16,2023-11-06 22:54:52.80846 UTC
50,2025-01-28 06:19:12.76257 UTC
86,2028-05-21 06:26:30.03987 UTC
97,2022-12-01 00:44:04.5659 UTC
93,2024-06-08 01:04:34.91197 UTC
89,2027-08-31 02:35:28.56062 UTC
79,2029-09-19 03:37:27.43923 UTC
40,2020-02-14 08:29:36.34431 UTC
78,2020-08-10 01:06:13.7688 UTC
47,2025-08-08 08:58:29.0223 UTC
44,2029-09-23 06:50:22.14293 UTC
54,2021-03-14 05:04:58.60413 UTC
21,2028-05-07 12:02:52.18693 UTC
35,2026-07-18 02:49:10.57989 UTC
61,2027-01-11 07:11:14.10931 UTC
89,2024-03-29 08:58:42.32034 UTC
48,2020-07-22 12:49:46.45564 UTC
36,2029-01-31 04:05:24.87835 UTC
48,2028-12-22 08:44:38.7561 UTC
45,2024-06-09 04:00:53.77776 UTC
79,2027-10-18 21:23:10.3208 UTC
38,2025-05-05 20:03:25.8604 UTC
48,2023-04-13 00:24:54.58115 UTC
7,2020-10-03 10:59:09.27232 UTC
62,2021-02-23 01:40:56.75113 UTC
61,2026-01-20 12:05:11.45197 UTC
0,2022-01-09 19:58:44.88291 UTC
96,2027-06-28 08:45:29.79451 UTC
21,2027-03-15 08:55:01.28711 UTC
45,2026-10-28 10:13:34.87854 UTC
45,2028-01-06 04:07:03.75923 UTC
11,2028-06-30 16:51:53.67292 UTC
23,2029-11-13 04:03:16.93176 UTC
60,2029-07-07 01:50:42.34181 UTC
99,2024-07-10 17:24:16.09371 UTC
8,2029-08-27 12:40:48.77303 UTC
99,2024-03-31 22:53:34.06949 UTC
25,2021-04-05 11:12:06.16113 UTC
18,2027-09-05 21:13:38.98616 UTC
11,2022-07-20 15:33:38.9351 UTC
8,2020-10-11 20:11:41.75656 UTC
96,2029-10-23 09:01:33.45832 UTC
88,2024-11-02 08:37:32.0577 UTC
42,2026-07-02 03:59:44.49247 UTC
28,2025-04-15 09:33:00.28219 UTC
58,2021-01-26 12:46:41.43632 UTC
66,2027-05-14 06:49:12.01154 UTC
54,2025-01-26 06:28:38.96065 UTC
83,2020-09-29 06:42:59.22642 UTC
95,2026-01-22 19:27:17.80183 UTC
29,2026-07-08 21:24:38.76499 UTC
73,2020-12-22 20:39:49.86283 UTC
99,2026-09-30 11:47:21.06118 UTC
45,2020-09-23 00:04:28.817 UTC
49,2021-10-17 00:17:46.78682 UTC
96,2029-03-03 02:09:06.1287 UTC
63,2028-11-11 19:50:10.75382 UTC
81,2024-11-22 01:55:30.21284 UTC
1,2023-07-28 15:48:17.78637 UTC
48,2020-05-18 11:17:49.97187 UTC
10,2022-09-01 22:23:36.76205 UTC
18,2024-03-01 22:17:17.3289 UTC
37,2022-06-16 03:52:40.05177 UTC
77,2022-09-22 01:40:30.89734 UTC
22,2029-09-16 09:35:01.24231 UTC
55,2025-03-15 21:54:57.48477 UTC
34,2029-12-24 17:15:07.97733 UTC
24,2029-09-30 03:13:21.20496 UTC
43,2021-05-20 02:55:12.35002 UTC
35,2025-11-22 01:49:09.25388 UTC
43,2022-09-18 18:06:45.92545 UTC
86,2027-11-26 00:46:51.92631 UTC
6,2023-02-03 04:35:30.65289 UTC
49,2022-11-04 06:09:27.20586 UTC
76,2024-03-04 01:51:19.68263 UTC
25,2020-01-13 21:12:39.26339 UTC
43,2027-02-28 17:20:19.40335 UTC
14,2028-11-08 11:48:47.90258 UTC
31,2024-08-22 00:05:29.11398 UTC
27,2027-11-16 22:10:38.43935 UTC
93,2025-01-08 13:48:21.36997 UTC
76,2028-11-22 09:19:15.20705 UTC
1,2028-01-27 17:32:55.41126 UTC
85,2028-11-08 07:53:30.43883 UTC
6,2020-02-02 19:38:17.00586 UTC
68,2024-04-03 18:38:45.17392 UTC
67,2020-04-09 16:37:29.10141 UTC
15,2024-03-28 05:00:15.92435 UTC
33,2025-04-21 15:42:39.25301 UTC
27,2020-04-27 01:09:25.78481 UTC
50,2024-09-15 12:44:49.07275 UTC
8,2027-06-14 04:29:30.87316 UTC
21,2025-11-30 01:24:15.77611 UTC
0,2027-03-19 16:57:16.22473 UTC
56,2028-05-10 03:56:58.37019 UTC
32,2021-04-18 23:04:26.67578 UTC
81,2029-10-08 20:42:57.40062 UTC
82,2026-08-27 05:26:43.7009 UTC
20,2027-01-16 08:44:11.20261 UTC
75,2029-07-11 14:12:30.25059 UTC
13,2024-12-06 11:45:08.04259 UTC
23,2020-10-05 23:32:33.85648 UTC
57,2020-12-29 15:08:12.94749 UTC
93,2022-05-13 04:42:30.03253 UTC
82,2023-09-05 18:24:59.84619 UTC
42,2029-05-01 03:06:36.76458 UTC
65,2020-12-18 00:11:24.99157 UTC
35,2025-08-19 04:03:55.04951 UTC
22,2027-03-07 06:43:47.43864 UTC
42,2020-05-02 23:45:26.64229 UTC
72,2020-05-05 19:42:10.36796 UTC
50,2024-07-19 19:55:09.3302 UTC
32,2024-12-12 14:33:27.91927 UTC
0,2029-03-05 02:55:58.38556 UTC
60,2024-08-05 15:48:43.67782 UTC
83,2025-08-12 04:17:56.45419 UTC
41,2021-11-10 10:43:52.76306 UTC
22,2027-12-07 03:20:54.91291 UTC
59,2020-08-31 13:39:09.15671 UTC
70,2021-08-16 00:09:22.36949 UTC
95,2026-01-09 16:49:14.76202 UTC
26,2024-08-13 23:05:36.81785 UTC
18,2024-05-27 17:41:37.03442 UTC
91,2023-04-26 02:08:49.39672 UTC
50,2027-12-11 07:13:04.0726 UTC
95,2023-03-16 23:51:53.90561 UTC
83,2024-04-25 21:10:12.28702 UTC
78,2024-10-14 05:57:33.51467 UTC
94,2028-01-11 01:52:27.76484 UTC
3,2025-03-22 20:44:25.76396 UTC
4,2028-12-07 10:39:50.77828 UTC
36,2022-08-22 22:20:16.06454 UTC
41,2027-05-24 16:20:49.8758 UTC
14,2026-08-06 06:17:41.39504 UTC
68,2029-08-01 23:45:18.90631 UTC
68,2022-05-16 16:23:49.88526 UTC
98,2025-11-01 05:30:10.45367 UTC
61,2021-03-05 06:04:01.83033 UTC
31,2026-08-05 21:41:31.42252 UTC
96,2020-10-15 07:26:34.45371 UTC
92,2023-03-23 01:12:06.68829 UTC
4,2022-04-16 15:15:32.42071 UTC
16,2027-05-08 17:13:25.38068 UTC
28,2020-11-16 22:35:12.59423 UTC
63,2022-10-26 11:05:41.9638 UTC
6,2027-06-07 17:36:14.9173 UTC
37,2020-09-27 07:43:18.10759 UTC
39,2029-10-10 11:09:28.94107 UTC
66,2027-10-06 22:23:47.9204 UTC
23,2023-06-26 14:33:42.27264 UTC
58,2022-12-02 02:08:40.08502 UTC
87,2028-03-21 00:30:50.8948 UTC
76,2029-05-02 00:57:57.93649 UTC
6,2026-06-05 23:16:42.28652 UTC
34,2024-12-03 18:06:32.51843 UTC
83,2025-12-27 16:39:26.96413 UTC
17,2025-10-02 03:57:37.49066 UTC
48,2025-05-04 13:11:50.36269 UTC
51,2024-04-16 02:43:12.69014 UTC
82,2024-06-03 16:22:16.51198 UTC
97,2026-12-09 23:47:38.36767 UTC
56,2021-09-22 13:08:10.53772 UTC
8,2026-06-11 06:17:33.98155 UTC
70,2023-03-13 08:15:54.28079 UTC
34,2024-01-26 15:55:25.31192 UTC
16,2023-10-07 23:11:12.57093 UTC
2,2025-11-20 08:58:32.73278 UTC
62,2023-04-05 00:47:37.64346 UTC
39,2022-07-01 04:09:25.27991 UTC
3,2023-03-15 19:21:49.87048 UTC
94,2021-05-03 13:27:08.78864 UTC
78,2021-03-02 03:10:29.6407 UTC
81,2024-09-02 23:10:02.62498 UTC
78,2024-10-14 12:29:19.58878 UTC
43,2024-02-27 15:15:47.46706 UTC
23,2020-06-16 07:08:42.0198 UTC
11,2027-08-14 03:50:41.88006 UTC
43,2020-02-17 19:56:54.67042 UTC
25,2022-03-09 00:11:09.40719 UTC
34,2029-04-05 21:35:50.26432 UTC
54,2022-02-23 23:28:29.20639 UTC
20,2025-05-17 12:00:25.43439 UTC
94,2021-11-16 21:22:33.27234 UTC
63,2022-07-03 22:47:51.251 UTC
1,2021-07-06 23:24:41.5361 UTC
69,2026-02-23 17:33:38.46321 UTC
58,2024-11-30 12:32:43.2262 UTC
67,2022-07-10 13:47:12.93667 UTC
73,2025-01-20 04:14:04.06837 UTC
7,2021-02-18 20:30:15.58285 UTC
37,2022-01-30 14:55:16.02059 UTC
2,2025-11-12 17:42:28.33183 UTC
91,2022-10-12 15:50:36.13031 UTC
31,2024-02-16 06:11:45.74535 UTC
37,2029-09-15 03:51:38.39809 UTC
46,2027-03-10 07:03:02.1448 UTC
52,2026-11-13 14:51:52.34639 UTC
22,2024-01-25 17:41:45.93505 UTC
62,2021-05-21 19:12:49.0726 UTC
69,2021-08-31 12:46:20.35569 UTC
59,2020-01-27 15:30:33.79687 UTC
52,2020-04-30 06:28:18.13273 UTC
88,2021-03-22 12:00:50.82286 UTC
33,2028-05-21 21:59:18.20935 UTC
19,2026-11-21 04:23:54.09167 UTC
17,2020-01-01 03:47:27.78257 UTC
89,2020-02-28 03:33:55.96222 UTC
83,2026-07-12 21:05:30.13581 UTC
59,2021-11-26 06:08:30.64733 UTC
94,2027-08-17 23:52:39.59815 UTC
69,2029-11-21 17:16:32.66075 UTC
16,2020-01-06 07:25:21.19041 UTC
11,2027-05-30 08:35:48.50995 UTC
37,2024-08-16 21:12:02.54673 UTC
42,2022-01-28 19:59:22.3842 UTC
2,2029-09-17 14:53:44.11859 UTC
45,2028-05-24 20:08:07.26526 UTC
10,2020-03-17 02:21:38.33299 UTC
7,2026-04-27 03:16:24.94686 UTC
46,2028-09-19 02:42:21.7342 UTC
72,2025-07-01 16:08:49.30568 UTC
0,2020-09-29 07:38:57.07747 UTC
44,2025-03-01 05:40:37.92184 UTC
80,2027-12-05 00:33:51.72581 UTC
24,2025-03-12 19:01:11.0732 UTC
9,2021-02-24 03:51:13.87597 UTC
86,2024-05-27 01:53:12.31596 UTC
38,2027-10-06 07:34:52.16251 UTC
30,2028-09-10 23:00:02.83728 UTC
60,2025-09-15 07:30:01.02094 UTC
18,2020-12-20 21:04:05.50377 UTC
57,2029-08-10 11:39:13.7316 UTC
96,2026-03-20 06:23:49.46485 UTC
98,2026-02-07 09:23:20.70071 UTC
48,2026-11-10 12:24:18.76086 UTC
78,2020-11-27 06:20:13.95385 UTC
96,2020-08-16 23:25:41.90193 UTC
57,2028-05-06 16:43:15.45738 UTC
55,2022-05-12 12:35:32.14376 UTC
60,2028-04-13 00:01:54.3979 UTC
9,2020-03-10 14:49:10.72901 UTC
22,2028-06-06 13:42:14.23374 UTC
58,2022-11-03 11:57:30.65587 UTC
82,2022-06-03 08:08:35.98127 UTC
57,2027-11-11 13:17:15.70448 UTC
3,2022-02-06 15:51:37.87524 UTC
6,2026-08-31 19:21:00.71164 UTC
5,2027-09-15 23:28:36.87035 UTC
74,2023-06-11 13:11:28.37992 UTC
65,2025-05-15 13:56:32.00368 UTC
78,2020-06-16 07:41:20.62716 UTC
95,2027-01-01 23:02:57.23753 UTC
35,2027-10-27 16:55:35.15957 UTC
81,2020-01-04 18:00:09.9812 UTC
92,2025-06-28 09:13:06.05077 UTC
8,2022-07-26 02:20:48.77279 UTC
71,2028-11-27 21:10:13.57771 UTC
9,2027-04-15 11:33:05.80445 UTC
65,2029-03-14 03:17:55.38715 UTC
41,2022-04-21 18:55:57.271 UTC
90,2026-08-28 23:19:10.33715 UTC
59,2022-03-26 22:29:54.62207 UTC
87,2027-04-26 17:39:55.79886 UTC
89,2026-11-16 19:34:24.34396 UTC
99,2025-11-02 01:58:24.6928 UTC
13,2029-10-29 09:50:13.2017 UTC
46,2027-08-17 19:18:58.63651 UTC
14,2026-08-20 00:28:09.14223 UTC
34,2020-01-17 22:40:14.34034 UTC
19,2024-11-06 14:04:38.30753 UTC
56,2029-11-25 02:30:18.6827 UTC
17,2020-07-18 22:52:36.50574 UTC
39,2023-01-04 22:22:13.77309 UTC
56,2028-08-31 03:48:18.39694 UTC
82,2024-08-04 14:41:11.34154 UTC
49,2021-09-16 08:53:06.86672 UTC
72,2025-04-09 09:27:13.74331 UTC
11,2024-08-25 16:21:21.52071 UTC
90,2020-12-31 22:13:39.53765 UTC
91,2026-03-01 04:09:20.32883 UTC
4,2022-01-14 04:21:33.65991 UTC
72,2025-07-04 10:14:44.67629 UTC
36,2021-07-19 05:53:30.24788 UTC
16,2024-03-06 17:12:02.62678 UTC
65,2025-04-19 00:05:42.40712 UTC
9,2023-04-20 10:49:28.23275 UTC
56,2020-09-16 19:41:49.07877 UTC
89,2025-08-02 19:55:18.64582 UTC
92,2027-07-30 08:34:01.20481 UTC
64,2024-03-14 06:47:20.58039 UTC
59,2028-08-24 16:46:06.51219 UTC
7,2022-05-29 03:17:33.21127 UTC
47,2026-12-08 06:12:32.94097 UTC
50,2028-05-19 03:31:17.99282 UTC
17,2028-09-26 09:33:55.83036 UTC
62,2027-12-27 21:50:41.9268 UTC
57,2024-12-13 13:07:37.42893 UTC
93,2025-12-06 15:05:15.24317 UTC
19,2023-08-25 08:47:27.73725 UTC
57,2025-06-12 01:02:46.68301 UTC
97,2020-03-19 09:53:23.31198 UTC
89,2029-08-08 19:02:16.88013 UTC
41,2020-10-30 09:30:32.9081 UTC
50,2027-08-27 11:32:54.86519 UTC
90,2028-12-29 04:25:25.713 UTC
88,2028-02-11 03:34:44.79056 UTC
56,2024-02-27 23:54:34.00166 UTC
91,2024-08-17 05:26:05.49818 UTC
79,2024-08-07 06:41:29.66802 UTC
66,2024-11-20 06:52:48.5334 UTC
19,2029-09-18 11:20:12.17131 UTC
13,2024-04-27 00:50:27.48197 UTC
88,2028-10-27 20:34:27.75304 UTC
51,2023-10-25 12:13:18.82013 UTC
18,2027-12-29 10:54:32.50015 UTC
61,2026-03-05 23:56:27.51392 UTC
38,2023-11-02 21:28:00.42376 UTC
6,2028-04-18 15:37:18.95533 UTC
97,2025-02-21 03:24:53.09676 UTC
45,2025-08-24 06:17:33.79082 UTC
56,2023-05-31 11:15:52.96447 UTC
14,2024-02-07 19:01:19.1689 UTC
21,2023-03-19 08:17:58.54634 UTC
97,2024-01-10 02:16:47.84184 UTC
75,2027-09-05 19:37:06.53421 UTC
1,2023-03-04 05:37:35.1345 UTC
62,2022-04-13 03:39:07.67829 UTC
86,2028-12-07 18:19:05.28469 UTC
61,2023-12-31 09:22:35.88342 UTC
60,2024-02-10 06:31:47.40588 UTC
11,2026-09-12 02:49:02.68256 UTC
75,2029-06-16 04:31:47.138 UTC
3,2022-01-29 23:33:53.5146 UTC
43,2027-12-10 00:03:43.97332 UTC
14,2029-09-09 19:40:59.43942 UTC
92,2026-06-13 10:06:33.69219 UTC
25,2021-01-26 02:35:50.37313 UTC
15,2024-10-17 23:03:40.33392 UTC
88,2021-11-20 15:14:08.38333 UTC
94,2026-12-13 09:29:08.14513 UTC
97,2028-11-22 16:07:00.24882 UTC
6,2024-08-14 09:40:08.97799 UTC
27,2020-10-27 12:30:23.73109 UTC
34,2020-06-10 18:21:02.13627 UTC
39,2029-09-18 04:15:18.04827 UTC
94,2028-06-11 17:30:37.42266 UTC
88,2029-03-10 02:29:57.63853 UTC
97,2020-06-18 06:11:09.94983 UTC
87,2021-12-12 10:19:15.97286 UTC
2,2021-12-07 06:51:34.84612 UTC
22,2027-07-28 12:44:35.98617 UTC
67,2023-11-14 01:03:14.93056 UTC
90,2025-06-27 22:07:29.82379 UTC
38,2027-12-08 14:18:39.64655 UTC
23,2028-05-28 17:46:02.8703 UTC
73,2024-11-17 01:40:56.37854 UTC
45,2025-06-21 01:17:50.72556 UTC
49,2026-01-26 15:12:22.81328 UTC
10,2027-09-12 20:19:04.54041 UTC
83,2026-05-10 18:21:55.80905 UTC
96,2024-11-13 08:22:09.20095 UTC
34,2021-03-22 08:08:35.22118 UTC
47,2020-11-09 03:10:07.88533 UTC
55,2027-10-07 21:29:35.46253 UTC
54,2023-09-10 02:16:27.86376 UTC
29,2021-04-19 18:35:25.02619 UTC
25,2021-03-20 17:06:54.73862 UTC
1,2021-02-03 05:34:56.8326 UTC
91,2029-09-11 07:06:24.83094 UTC
1,2027-10-25 09:39:44.64876 UTC
73,2028-07-28 10:54:28.51115 UTC
58,2021-03-11 08:39:30.18182 UTC
94,2024-01-29 20:39:37.07058 UTC
93,2028-10-05 06:49:37.16962 UTC
8,2020-08-08 02:32:56.86856 UTC
21,2028-11-03 10:36:39.86453 UTC
22,2023-12-09 23:18:28.66183 UTC
74,2028-10-17 11:44:10.31853 UTC
32,2027-03-03 05:32:42.36033 UTC
76,2026-06-07 09:10:15.69218 UTC
6,2028-07-26 05:33:44.45272 UTC
40,2022-01-17 11:13:38.39813 UTC
8,2025-11-16 21:59:44.56732 UTC
60,2025-10-16 09:48:04.95827 UTC
35,2026-08-25 11:37:12.87598 UTC
56,2025-05-20 16:01:39.23541 UTC
68,2029-10-08 16:01:55.00285 UTC
94,2026-04-10 05:43:15.69276 UTC
87,2022-02-01 17:48:50.06355 UTC
71,2020-03-20 11:57:17.7715 UTC
76,2023-05-05 21:06:13.83533 UTC
10,2022-04-22 02:18:42.23975 UTC
24,2029-05-15 19:32:32.51347 UTC
84,2025-08-21 10:39:00.40845 UTC
18,2021-11-09 22:39:51.58791 UTC
64,2026-03-18 22:23:25.28112 UTC
18,2021-02-16 22:22:46.53943 UTC
21,2022-11-21 15:49:21.47939 UTC
2,2020-08-31 17:55:58.66315 UTC
61,2027-07-22 23:15:13.53018 UTC
8,2021-01-28 14:12:59.12223 UTC
93,2020-02-24 03:22:20.06659 UTC
40,2021-03-21 09:22:14.07495 UTC
68,2021-05-10 02:27:41.26596 UTC
60,2026-08-29 19:44:08.67794 UTC
97,2022-07-29 17:16:33.46035 UTC
80,2025-02-23 00:39:57.57933 UTC
66,2027-03-09 12:00:57.75079 UTC
50,2025-08-12 13:17:26.54207 UTC
36,2025-11-17 00:16:12.68077 UTC
69,2025-07-27 13:29:56.97176 UTC
52,2029-08-22 21:38:57.52343 UTC
80,2029-10-14 23:23:58.4645 UTC
84,2022-11-14 17:02:30.90503 UTC
48,2029-03-11 01:12:35.40583 UTC
6,2028-08-08 16:25:14.17473 UTC
91,2021-08-22 18:34:49.47869 UTC
31,2022-03-28 10:51:09.84454 UTC
83,2025-06-01 14:06:34.45758 UTC
85,2027-10-12 23:51:05.74869 UTC
27,2027-08-29 05:52:37.63438 UTC
91,2026-09-10 13:12:14.05775 UTC
81,2020-02-17 10:25:19.51519 UTC
16,2022-04-11 06:49:25.75203 UTC
70,2029-05-12 21:22:20.63901 UTC
91,2023-05-23 10:31:37.76986 UTC
87,2026-12-28 02:32:14.59953 UTC
33,2024-07-24 03:17:08.06287 UTC
35,2027-01-11 21:42:06.93283 UTC
50,2023-07-02 05:07:16.09172 UTC
69,2029-02-24 01:28:44.57423 UTC
80,2023-02-22 20:10:16.26982 UTC
85,2020-07-18 16:27:46.81066 UTC
33,2029-04-02 01:42:40.89279 UTC
4,2023-02-19 00:18:28.30855 UTC
92,2027-03-31 11:32:51.1937 UTC
45,2023-01-04 12:55:16.72957 UTC
31,2022-04-03 12:37:08.36473 UTC
1,2024-11-29 08:47:00.05693 UTC
27,2025-10-01 02:10:01.29619 UTC
11,2021-02-01 22:22:36.84426 UTC
52,2029-12-20 12:08:05.39215 UTC
85,2028-05-06 12:38:38.33726 UTC
46,2022-05-04 02:16:45.65797 UTC
43,2027-03-11 06:47:14.96513 UTC
58,2025-07-07 15:21:01.99199 UTC
73,2027-07-24 09:52:39.98044 UTC
69,2024-06-10 15:57:41.33345 UTC
38,2029-09-04 05:17:54.79091 UTC
31,2027-05-05 13:19:03.15837 UTC
4,2028-07-02 08:13:08.3545 UTC
93,2025-02-21 15:00:03.76362 UTC
42,2024-11-12 12:33:03.91642 UTC
65,2027-09-13 19:20:24.91063 UTC
5,2027-10-18 05:30:05.1585 UTC
19,2025-12-06 17:48:01.12343 UTC
43,2027-11-29 20:25:33.43254 UTC
67,2028-10-14 01:42:58.51321 UTC
26,2020-12-26 04:10:14.2019 UTC
83,2020-08-12 02:47:22.33934 UTC
32,2020-02-08 04:49:40.15087 UTC
64,2020-02-06 22:21:57.09142 UTC
58,2023-03-06 18:00:37.60632 UTC
42,2023-06-03 12:13:11.98132 UTC
80,2023-11-24 07:51:08.97769 UTC
57,2020-03-05 09:37:58.44201 UTC
21,2021-12-04 15:18:13.77379 UTC
67,2027-06-14 07:20:35.82795 UTC
86,2028-07-21 19:45:39.84615 UTC
88,2020-10-26 16:07:40.95449 UTC
33,2029-06-01 03:40:53.19501 UTC
67,2020-07-16 21:59:41.52618 UTC
95,2021-12-30 04:17:18.95162 UTC
70,2023-12-22 06:11:26.11569 UTC
98,2025-04-04 00:07:27.00642 UTC
27,2023-04-30 10:19:01.69062 UTC
77,2021-10-20 08:51:28.60672 UTC
22,2026-10-01 18:47:00.3919 UTC
92,2029-11-14 15:16:44.13992 UTC
21,2024-04-10 22:44:08.05888 UTC
48,2020-07-16 16:54:53.70624 UTC
39,2025-11-16 13:06:57.67024 UTC
57,2029-02-21 21:37:05.49233 UTC
2,2026-12-08 10:04:17.65552 UTC
47,2025-04-20 15:00:39.25635 UTC
32,2020-03-07 02:23:04.39902 UTC
7,2024-03-21 14:22:40.98892 UTC
80,2029-07-23 12:00:24.42817 UTC
91,2022-08-28 19:21:20.16759 UTC
70,2028-10-11 04:02:19.67359 UTC
50,2023-12-14 12:47:51.26804 UTC
53,2029-05-25 17:36:48.28138 UTC
21,2023-03-12 20:48:43.2739 UTC
24,2021-06-20 23:46:02.61028 UTC
77,2024-11-23 01:53:37.97152 UTC
49,2022-10-31 22:34:03.66708 UTC
63,2023-03-30 23:26:13.18656 UTC
43,2029-06-02 19:18:01.88487 UTC
3,2022-07-21 19:37:20.36816 UTC
16,2024-08-11 19:06:27.95899 UTC
27,2022-07-11 19:49:56.48278 UTC
18,2025-10-17 06:33:28.08189 UTC
48,2023-04-23 11:37:32.33657 UTC
8,2025-08-22 14:36:33.35229 UTC
88,2028-01-12 06:50:36.32816 UTC
88,2029-05-17 16:11:09.8932 UTC
87,2024-02-04 06:42:44.34643 UTC
43,2024-12-05 13:47:42.80276 UTC
47,2027-06-29 07:49:02.42167 UTC
21,2023-04-19 17:19:38.98928 UTC
44,2026-08-19 12:38:49.24365 UTC
38,2020-03-23 16:57:13.0165 UTC
99,2028-12-12 11:18:02.88229 UTC
36,2021-03-05 19:08:33.52202 UTC
98,2024-03-03 17:30:16.83062 UTC
50,2021-04-30 08:54:59.4519 UTC
49,2029-10-17 07:51:39.63024 UTC
79,2026-02-16 17:12:29.67497 UTC
55,2022-02-08 11:23:03.41951 UTC
19,2026-07-27 08:15:27.20703 UTC
22,2027-08-15 09:59:50.44552 UTC
71,2022-09-09 18:21:44.97024 UTC
12,2020-02-08 22:36:20.86673 UTC
7,2022-07-15 01:06:27.46889 UTC
45,2021-06-25 19:06:59.01141 UTC
7,2029-06-03 09:34:15.45934 UTC
29,2029-03-16 06:47:37.71478 UTC
67,2021-12-22 03:36:45.29246 UTC
26,2023-05-29 14:38:16.13268 UTC
40,2020-08-22 11:07:10.38489 UTC
71,2026-02-12 08:33:19.86604 UTC
94,2022-07-19 22:51:33.79809 UTC
80,2026-11-10 08:38:14.74163 UTC
57,2022-11-06 22:40:30.41828 UTC
31,2029-05-06 03:53:27.34348 UTC
24,2024-03-12 21:46:16.23074 UTC
96,2021-10-08 23:26:31.27233 UTC
61,2028-12-03 13:36:24.9947 UTC
90,2021-12-12 02:38:06.02924 UTC
39,2025-03-27 12:12:30.16136 UTC
54,2021-11-05 20:22:47.8391 UTC
90,2024-11-06 23:57:28.06754 UTC
80,2022-08-03 05:39:55.23442 UTC
94,2028-04-23 21:07:19.10439 UTC
20,2028-02-15 06:55:23.88164 UTC
6,2020-04-12 05:07:00.77085 UTC
8,2022-03-22 03:32:15.82529 UTC
74,2022-10-11 00:01:53.11419 UTC
45,2020-02-05 06:05:21.81726 UTC
81,2029-07-31 20:45:29.18624 UTC
97,2027-12-22 07:09:27.3523 UTC
58,2023-02-27 07:07:23.56074 UTC
51,2029-04-01 17:50:52.12993 UTC
16,2027-09-04 06:32:40.75692 UTC
23,2024-08-25 01:25:15.60196 UTC
94,2022-11-13 05:54:51.05817 UTC
29,2029-08-03 09:31:42.07981 UTC
22,2022-07-18 20:31:59.27612 UTC
4,2028-05-22 08:19:30.02576 UTC
30,2029-01-22 22:26:22.88121 UTC
77,2029-03-13 18:03:52.02104 UTC
63,2021-09-20 23:53:52.01879 UTC
41,2022-12-20 21:58:52.40415 UTC
69,2022-01-28 00:30:58.71848 UTC
71,2026-10-28 20:09:50.15477 UTC
37,2020-09-10 06:41:33.77622 UTC
30,2024-09-14 16:54:24.89496 UTC
28,2024-04-16 07:51:04.46689 UTC
30,2024-03-10 19:34:04.71531 UTC
99,2029-05-10 23:42:47.94311 UTC
57,2022-10-27 09:31:11.32538 UTC
25,2023-12-22 07:39:41.50685 UTC
72,2024-09-12 15:09:29.55805 UTC
93,2027-06-28 11:01:47.06329 UTC
53,2023-11-23 05:32:07.11416 UTC
72,2025-06-04 15:59:21.46654 UTC
4,2020-11-06 11:37:48.24123 UTC
43,2022-11-25 14:34:09.0162 UTC
38,2028-03-01 00:01:20.27156 UTC
66,2024-11-11 09:02:11.93775 UTC
47,2020-02-03 07:03:31.11571 UTC
6,2029-05-02 17:54:56.22659 UTC
81,2022-05-22 02:53:20.07013 UTC
38,2024-01-17 20:53:20.64725 UTC
40,2029-06-08 10:15:55.91767 UTC
28,2029-03-29 03:59:13.56193 UTC
23,2020-02-01 01:18:16.02442 UTC
4,2027-11-24 00:06:21.53137 UTC
55,2029-12-13 11:19:48.39787 UTC
13,2021-04-06 16:39:49.29904 UTC
99,2028-08-07 09:43:09.26126 UTC
81,2027-06-11 03:28:55.20612 UTC
87,2026-04-30 20:11:54.79046 UTC
63,2026-03-04 11:21:11.63232 UTC
6,2025-10-21 17:11:26.68108 UTC
80,2020-06-21 22:18:39.6864 UTC
68,2021-06-05 09:04:45.78341 UTC
29,2020-10-07 00:52:56.15675 UTC
41,2023-08-18 13:02:18.58937 UTC
74,2027-04-06 05:38:01.55372 UTC
53,2029-04-13 23:41:46.07075 UTC
13,2024-07-06 02:36:16.97935 UTC
92,2022-11-18 07:40:22.66898 UTC
59,2024-04-21 02:03:39.27716 UTC
60,2027-05-09 21:13:54.62873 UTC
64,2028-10-07 16:50:31.99336 UTC
25,2028-07-07 06:10:12.17436 UTC
21,2024-04-17 06:54:22.00858 UTC
12,2026-04-03 12:47:40.74778 UTC
46,2029-12-18 11:49:53.88767 UTC
49,2026-09-10 04:11:05.91991 UTC
5,2022-06-23 21:31:22.55357 UTC
26,2029-02-26 04:32:55.9253 UTC
62,2028-10-18 23:32:53.78603 UTC
41,2024-11-07 18:24:49.10328 UTC
73,2028-03-05 03:43:22.33094 UTC
91,2029-12-22 04:17:40.27981 UTC
97,2027-11-23 11:42:51.9379 UTC
45,2022-01-04 15:58:39.58772 UTC
51,2023-06-21 11:02:50.46525 UTC
93,2025-02-09 17:42:40.72408 UTC
8,2025-09-19 14:34:42.41898 UTC
13,2023-06-09 22:52:22.94271 UTC
44,2023-06-28 10:39:59.67652 UTC
9,2022-09-05 16:43:00.53993 UTC
92,2023-08-17 05:18:29.28431 UTC
65,2026-05-15 17:14:33.46324 UTC
5,2026-06-14 11:44:02.17267 UTC
28,2029-10-23 18:52:13.12621 UTC
37,2020-11-27 18:20:46.71199 UTC
21,2029-02-01 05:28:05.79506 UTC
24,2021-06-28 02:22:48.43846 UTC
31,2023-11-29 12:32:03.09953 UTC
32,2029-10-07 15:53:30.46143 UTC
99,2027-11-15 04:50:23.64333 UTC
0,2023-04-19 04:40:41.9102 UTC
76,2021-01-27 03:20:47.63073 UTC
16,2027-06-29 15:16:21.06609 UTC
6,2028-04-24 22:02:51.3445 UTC
92,2020-01-12 09:53:14.96735 UTC
9,2020-11-23 00:21:14.59403 UTC
79,2020-01-25 17:50:21.80231 UTC
66,2029-07-23 22:56:16.25842 UTC
1,2022-01-06 05:24:51.61158 UTC
75,2022-10-15 09:02:48.6995 UTC
38,2023-04-13 21:07:59.714 UTC
57,2029-03-15 12:19:25.33385 UTC
58,2021-12-08 09:16:59.93923 UTC
5,2020-09-23 04:13:57.31639 UTC
20,2026-01-23 19:58:11.49428 UTC
14,2023-12-22 21:45:44.27975 UTC
4,2027-05-13 10:54:37.44358 UTC
11,2022-05-03 11:20:25.6387 UTC
3,2022-08-11 21:08:12.50721 UTC
63,2025-08-04 01:56:21.75016 UTC
2,2027-01-23 23:43:08.77243 UTC
74,2020-07-01 01:20:05.00413 UTC
2,2028-11-02 20:12:42.07537 UTC
88,2025-09-29 02:07:02.29969 UTC
73,2027-10-06 14:04:36.45288 UTC
43,2023-06-12 18:25:58.14147 UTC
19,2020-08-05 13:31:13.40547 UTC
90,2026-02-24 21:45:12.26 UTC
75,2023-03-23 21:23:11.33078 UTC
27,2027-09-14 18:02:56.68996 UTC
6,2027-10-18 01:22:58.46933 UTC
24,2029-08-07 23:04:25.93689 UTC
36,2028-04-15 14:42:45.31541 UTC
23,2021-06-16 06:52:32.75848 UTC
48,2027-05-27 08:34:37.52112 UTC
0,2021-05-23 16:24:50.74405 UTC
57,2021-02-06 08:29:47.59728 UTC
85,2025-11-07 22:12:44.47431 UTC
93,2025-06-25 15:11:24.20347 UTC
44,2025-03-28 04:53:01.49035 UTC
23,2028-09-21 18:49:12.72306 UTC
46,2025-09-02 21:39:07.09243 UTC
88,2027-06-01 09:53:53.59992 UTC
44,2026-04-07 13:08:19.91287 UTC
3,2023-06-28 01:25:56.75294 UTC
18,2022-06-24 17:14:37.34988 UTC
2,2029-04-28 18:39:25.42186 UTC
83,2026-02-26 23:44:34.97803 UTC
19,2027-10-24 23:28:52.13302 UTC
73,2025-12-29 14:35:37.7807 UTC
74,2027-07-12 01:19:28.50369 UTC
1,2022-09-22 12:50:08.7509 UTC
15,2027-01-30 12:31:45.54505 UTC
53,2028-11-01 03:06:00.05109 UTC
15,2025-10-22 03:39:03.32098 UTC
43,2024-12-14 18:39:56.98723 UTC
98,2023-11-11 16:49:51.3428 UTC
27,2022-06-02 11:49:43.20998 UTC
28,2027-05-01 02:32:15.12118 UTC
65,2024-01-20 21:39:48.46197 UTC
10,2027-10-27 16:33:49.31211 UTC
53,2029-11-20 18:36:17.75875 UTC
67,2029-06-12 13:18:12.8616 UTC
30,2029-01-17 05:16:49.12854 UTC
92,2025-07-04 09:41:47.03842 UTC
11,2024-04-29 10:11:38.89771 UTC
46,2021-01-24 20:21:50.91082 UTC
27,2021-03-01 08:14:11.2239 UTC
58,2027-08-06 20:38:51.93533 UTC
36,2023-09-08 04:33:53.67511 UTC
35,2028-08-08 21:59:29.27156 UTC
61,2025-11-28 02:51:31.54735 UTC
40,2023-11-28 12:43:15.44942 UTC
60,2021-12-25 18:54:21.36611 UTC
28,2027-04-25 17:01:42.80314 UTC
0,2022-06-27 12:12:31.13554 UTC
14,2025-07-24 18:42:01.22079 UTC
86,2029-04-05 22:55:26.42996 UTC
75,2023-09-29 11:57:24.56243 UTC
66,2024-09-21 19:09:52.19338 UTC
21,2026-10-15 17:47:06.97412 UTC
31,2022-11-02 19:38:08.54 UTC
58,2022-10-18 22:41:28.90507 UTC
68,2026-12-03 02:40:39.83114 UTC
81,2020-01-15 21:36:19.42884 UTC
13,2023-01-22 02:44:58.96686 UTC
15,2020-10-20 23:52:07.18796 UTC
40,2028-01-18 20:13:40.30215 UTC
67,2023-08-06 06:41:14.79252 UTC
68,2027-04-24 07:52:59.2423 UTC
66,2027-11-13 21:58:50.8528 UTC
85,2022-12-21 20:50:48.93248 UTC
6,2020-02-02 05:28:20.03848 UTC
81,2027-07-22 09:42:20.33926 UTC
30,2023-02-11 15:43:00.41594 UTC
43,2023-05-30 13:26:16.22443 UTC
98,2029-09-24 21:32:56.17288 UTC
66,2023-12-01 00:04:16.87273 UTC
47,2020-09-19 22:26:14.89061 UTC
34,2022-09-13 06:39:51.15492 UTC
27,2025-05-18 19:52:02.99879 UTC
28,2028-06-12 12:57:13.87707 UTC
11,2025-10-08 18:42:32.98308 UTC
62,2020-01-02 23:57:46.88951 UTC
7,2021-05-12 09:27:07.73178 UTC
65,2022-11-21 00:48:00.01651 UTC
51,2023-04-29 07:24:58.62294 UTC
70,2021-07-16 04:22:26.24361 UTC
35,2023-10-18 03:02:31.92413 UTC
70,2028-02-14 23:27:21.67229 UTC
58,2024-03-12 13:34:35.07087 UTC
49,2020-04-04 13:36:05.65115 UTC
2,2028-03-10 07:43:34.69011 UTC
38,2026-02-05 08:53:48.52239 UTC
29,2023-01-20 19:22:36.81323 UTC
87,2027-08-31 06:59:30.92434 UTC
65,2020-03-23 15:45:01.42935 UTC
75,2020-11-21 07:10:12.00399 UTC
92,2027-07-18 23:33:30.11004 UTC
68,2022-03-15 03:31:31.9423 UTC
37,2022-11-05 17:11:57.29751 UTC
6,2029-10-03 20:40:48.72819 UTC
21,2029-04-26 20:15:37.62641 UTC
73,2028-08-27 23:12:31.50955 UTC
26,2022-09-08 19:10:02.46828 UTC
72,2026-09-29 00:58:52.57527 UTC
10,2024-12-06 08:22:56.69275 UTC
95,2027-12-18 12:02:33.94088 UTC
81,2021-04-18 02:22:45.05891 UTC
47,2027-04-11 06:36:28.70402 UTC
3,2028-02-09 17:51:38.65804 UTC
95,2021-08-20 11:27:12.61294 UTC
95,2023-02-24 04:16:25.87539 UTC
15,2024-12-29 15:20:49.55233 UTC
96,2025-12-14 03:18:30.88262 UTC
55,2023-03-23 17:19:48.73064 UTC
10,2029-05-22 21:36:09.2087 UTC
54,2020-02-23 03:13:10.9414 UTC
23,2028-03-18 05:17:42.57895 UTC
42,2023-09-07 03:53:38.01237 UTC
22,2027-11-11 15:22:28.33713 UTC
60,2021-01-20 15:49:01.86959 UTC
29,2024-12-21 21:46:37.21948 UTC
17,2024-11-16 00:04:59.11955 UTC
32,2028-09-21 20:16:36.79336 UTC
46,2023-10-27 04:17:14.01029 UTC
63,2028-08-28 23:13:08.37177 UTC
57,2022-07-28 21:21:03.69467 UTC
87,2021-12-20 00:27:45.97682 UTC
18,2020-07-16 13:58:57.28411 UTC
24,2029-04-25 11:36:42.21815 UTC
30,2022-06-18 00:11:52.84532 UTC
87,2022-08-04 11:00:34.98938 UTC
12,2021-06-06 14:07:44.12717 UTC
53,2029-05-29 14:10:15.06999 UTC
88,2024-09-08 03:23:11.58261 UTC
16,2027-06-20 03:26:33.25587 UTC
51,2028-04-17 12:33:40.6734 UTC
81,2024-11-09 20:37:13.54327 UTC
9,2026-10-05 08:53:15.5727 UTC
64,2022-07-23 21:06:33.31378 UTC
73,2029-01-08 07:06:37.94283 UTC
6,2023-02-22 20:21:27.3656 UTC
43,2028-01-14 13:50:25.954 UTC
87,2022-08-23 22:52:21.49652 UTC
91,2022-03-10 01:02:53.03254 UTC
26,2024-04-30 22:11:39.64146 UTC
80,2023-10-01 05:10:53.14753 UTC
74,2026-11-28 00:27:46.30765 UTC
58,2020-01-20 00:24:19.82424 UTC
28,2021-04-29 13:56:30.7589 UTC
36,2026-08-26 15:18:22.05583 UTC
76,2027-10-19 20:14:03.70181 UTC
72,2025-11-18 10:51:37.52698 UTC
1,2026-06-25 18:30:21.33322 UTC
95,2029-09-30 13:10:32.06946 UTC
65,2028-04-26 13:46:59.75374 UTC
0,2023-03-20 21:18:42.3757 UTC
38,2027-10-12 09:09:11.83814 UTC
92,2022-03-03 22:27:50.94484 UTC
67,2025-05-07 12:24:45.21036 UTC
91,2026-11-29 14:16:59.7732 UTC
2,2026-02-15 18:12:19.25976 UTC
23,2029-02-19 23:56:31.02325 UTC
40,2028-01-08 07:58:58.61453 UTC
33,2029-06-05 12:05:51.14083 UTC
43,2026-10-24 05:30:32.02323 UTC
73,2024-03-16 11:03:15.42529 UTC
51,2020-11-08 04:57:46.95697 UTC
72,2029-12-07 11:52:21.13184 UTC
82,2026-07-19 11:41:10.41987 UTC
10,2026-04-19 16:14:09.80217 UTC
19,2022-01-14 09:26:54.48613 UTC
69,2027-11-02 04:54:37.51451 UTC
38,2029-11-16 10:47:51.89549 UTC
72,2026-06-21 20:27:09.94182 UTC
57,2028-10-22 08:08:38.84829 UTC
32,2027-09-07 23:31:10.81856 UTC
99,2026-07-22 01:07:19.36397 UTC
77,2020-01-02 03:07:44.22966 UTC
48,2021-05-21 22:55:50.72026 UTC
58,2023-01-24 06:40:41.53243 UTC
97,2024-06-09 07:54:20.60813 UTC
38,2027-10-26 00:59:32.30649 UTC
81,2021-11-14 02:51:33.11247 UTC
44,2029-11-28 13:15:33.62465 UTC
97,2020-11-12 10:02:53.74026 UTC
30,2026-08-20 16:36:38.42715 UTC
32,2024-12-08 19:39:25.57854 UTC
99,2023-05-24 21:59:35.81529 UTC
60,2021-04-07 07:47:59.42831 UTC
7,2020-01-17 23:33:44.26897 UTC
37,2022-01-19 02:06:18.05967 UTC
28,2027-07-12 06:18:41.70718 UTC
50,2020-08-22 03:01:27.53733 UTC
96,2026-11-16 03:04:03.99495 UTC
87,2022-01-13 03:20:58.2977 UTC
63,2026-06-05 07:38:53.24315 UTC
29,2024-01-10 01:12:27.13426 UTC
64,2029-10-21 05:05:58.75549 UTC
72,2027-11-24 08:46:03.1463 UTC
35,2022-09-26 10:53:39.58157 UTC
37,2022-10-08 18:40:20.21658 UTC
41,2029-07-15 17:06:09.34401 UTC
81,2024-08-01 12:59:10.71678 UTC
29,2024-12-28 00:17:55.05595 UTC
94,2024-05-28 10:07:49.95786 UTC
33,2026-10-04 19:27:04.25433 UTC
46,2021-01-08 11:32:30.10912 UTC
85,2027-03-15 16:29:37.47286 UTC
53,2027-08-23 16:26:30.44405 UTC
18,2020-01-13 06:37:23.2744 UTC
13,2029-05-22 14:47:39.64301 UTC
8,2025-02-22 21:51:59.24361 UTC
46,2023-05-20 19:01:43.69895 UTC
60,2024-06-29 15:42:29.56053 UTC
49,2026-06-29 12:46:52.63976 UTC
68,2021-01-23 03:42:27.08961 UTC
77,2024-09-12 07:14:32.3402 UTC
13,2025-06-04 09:59:35.74753 UTC
84,2020-10-12 19:14:49.18413 UTC
90,2027-11-29 04:24:15.82364 UTC
5,2021-12-12 05:13:54.80843 UTC
47,2029-07-19 23:18:59.04651 UTC
70,2026-08-28 20:39:31.73376 UTC
85,2023-12-12 07:43:02.66725 UTC
3,2024-01-18 18:51:41.89253 UTC
12,2024-08-20 13:41:08.05273 UTC
46,2020-01-05 05:58:59.86512 UTC
21,2027-03-23 07:15:16.42154 UTC
46,2020-11-15 04:44:53.98332 UTC
6,2020-09-08 23:10:54.9246 UTC
92,2021-04-25 16:35:40.45451 UTC
65,2023-02-06 05:46:43.87874 UTC
14,2021-10-21 04:19:56.84919 UTC
44,2022-12-31 17:27:14.90037 UTC
56,2029-09-01 07:54:51.66306 UTC
15,2023-05-13 07:04:00.64889 UTC
0,2026-03-04 01:04:06.65626 UTC
18,2028-04-01 05:06:14.55211 UTC
80,2022-08-25 09:55:06.31454 UTC
18,2021-08-01 05:29:41.04595 UTC
41,2021-02-21 09:17:34.13715 UTC
76,2023-10-29 15:41:47.15692 UTC
72,2026-03-10 12:38:22.27107 UTC
20,2024-07-01 07:29:49.44433 UTC
64,2024-05-08 06:06:06.45589 UTC
40,2027-10-20 14:03:47.28931 UTC
78,2029-11-30 21:54:01.18702 UTC
51,2023-08-23 08:40:19.62145 UTC
43,2023-11-05 21:05:43.66367 UTC
78,2029-01-12 09:13:14.65157 UTC
27,2029-09-16 04:38:41.32164 UTC
92,2026-03-26 22:50:11.13317 UTC
5,2020-06-23 05:28:20.46612 UTC
95,2023-03-05 07:45:46.23242 UTC
60,2028-10-31 23:49:33.09753 UTC
43,2029-08-27 13:03:58.83927 UTC
95,2021-05-17 08:09:50.77879 UTC
38,2028-04-11 00:03:32.60515 UTC
37,2023-05-13 07:48:52.08223 UTC
42,2029-09-19 02:50:44.87667 UTC
6,2025-05-13 18:46:13.81304 UTC
22,2027-06-12 11:18:30.85094 UTC
58,2025-11-19 14:35:59.11578 UTC
12,2020-02-05 09:00:54.71164 UTC
57,2023-02-25 13:02:54.78149 UTC
46,2027-01-27 13:37:28.7485 UTC
90,2021-04-09 01:22:18.47334 UTC
6,2029-07-27 13:51:05.32969 UTC
0,2026-06-20 19:16:24.44552 UTC
58,2020-11-05 23:29:54.77928 UTC
76,2028-02-05 05:29:29.00508 UTC
86,2024-04-06 00:33:18.05014 UTC
22,2026-06-17 20:25:36.44571 UTC
10,2028-02-23 06:40:22.2481 UTC
7,2021-07-09 14:42:11.80231 UTC
93,2026-12-10 14:16:48.29227 UTC
94,2027-03-23 04:01:06.75658 UTC
40,2021-07-24 00:23:51.89983 UTC
90,2026-07-17 02:11:31.42308 UTC
4,2020-10-02 20:18:28.12615 UTC
87,2021-10-21 23:43:23.19641 UTC
50,2028-05-02 00:30:20.84458 UTC
85,2021-01-17 21:22:44.12076 UTC
81,2020-11-10 02:24:07.24851 UTC
9,2022-10-04 01:34:47.62337 UTC
79,2028-02-08 01:19:42.28326 UTC
38,2028-01-19 02:24:18.3162 UTC
95,2028-07-07 01:04:52.93625 UTC
10,2027-06-20 02:10:01.82272 UTC
14,2027-11-23 00:59:44.84053 UTC
83,2020-06-12 01:53:10.45396 UTC
41,2028-04-30 20:56:42.91821 UTC
30,2023-08-07 08:37:52.50576 UTC
80,2029-08-10 22:50:16.68373 UTC
52,2020-12-30 02:12:29.97662 UTC
2,2027-12-21 07:55:10.84935 UTC
17,2022-10-20 02:54:38.32311 UTC
52,2022-03-25 07:00:44.23514 UTC
8,2023-11-11 02:59:23.0767 UTC
32,2023-07-13 12:57:24.97428 UTC
38,2029-08-26 08:45:36.95621 UTC
32,2027-06-20 04:08:55.36488 UTC
76,2025-04-18 14:09:18.28991 UTC
10,2022-09-30 09:25:28.64978 UTC
14,2027-12-30 18:16:46.62157 UTC
97,2028-09-25 23:54:49.2135 UTC
97,2020-09-24 21:25:27.21226 UTC
88,2027-01-05 18:08:21.3211 UTC
18,2024-10-19 02:48:23.42165 UTC
39,2021-07-15 01:03:07.48143 UTC
68,2023-10-07 14:22:21.24698 UTC
11,2029-03-06 21:59:32.36275 UTC
87,2023-06-28 06:02:37.47914 UTC
73,2026-09-23 03:24:33.21025 UTC
32,2028-12-02 18:26:45.9753 UTC
37,2023-01-25 20:46:10.76228 UTC
33,2025-10-26 22:02:45.90385 UTC
75,2020-07-19 10:44:04.69827 UTC
99,2027-05-30 16:43:45.5987 UTC
68,2024-07-17 21:55:13.41352 UTC
66,2022-12-24 17:25:23.86379 UTC
30,2026-12-02 15:37:56.04731 UTC
94,2029-12-22 11:27:43.55493 UTC
45,2022-08-14 06:34:38.0108 UTC
57,2027-02-17 02:37:10.96483 UTC
51,2025-08-02 11:12:14.34778 UTC
69,2028-01-20 08:08:59.08897 UTC
86,2026-09-08 19:59:28.24716 UTC
47,2020-11-17 22:42:04.65147 UTC
10,2027-12-03 22:20:34.64164 UTC
40,2020-10-31 21:34:54.413 UTC
12,2026-06-11 01:03:42.52936 UTC
13,2026-10-21 20:28:37.51627 UTC
9,2028-12-03 18:53:31.60773 UTC
68,2022-02-04 04:32:53.25631 UTC
23,2023-09-15 21:30:16.71592 UTC
28,2023-09-24 12:46:34.62342 UTC
8,2022-04-05 04:16:36.46326 UTC
11,2026-09-02 11:56:45.35128 UTC
49,2024-02-05 15:07:25.30956 UTC
45,2025-11-03 13:18:51.37339 UTC
16,2026-11-30 02:33:29.78147 UTC
96,2026-01-02 19:59:15.05081 UTC
20,2022-10-24 20:40:06.24325 UTC
24,2021-01-06 13:11:06.9688 UTC
66,2029-11-03 03:43:38.04963 UTC
15,2029-02-24 17:58:04.32738 UTC
12,2024-12-20 22:47:35.09044 UTC
4,2022-11-02 18:46:11.58216 UTC
36,2026-12-20 20:30:11.04947 UTC
19,2027-06-28 16:23:19.27892 UTC
32,2021-12-08 00:57:57.23008 UTC
43,2023-02-02 12:15:50.76316 UTC
70,2029-07-28 13:51:05.17262 UTC
38,2028-05-20 12:20:20.51186 UTC
12,2021-02-02 09:16:04.07368 UTC
20,2020-04-16 03:46:15.31956 UTC
19,2026-09-03 11:02:48.06738 UTC
71,2028-05-14 05:09:52.17091 UTC
99,2022-09-13 19:30:14.49824 UTC
29,2028-05-25 13:05:08.88172 UTC
1,2023-12-13 09:04:19.07399 UTC
11,2029-08-22 08:38:37.57987 UTC
72,2025-08-27 03:00:17.9727 UTC
7,2025-10-20 07:36:02.81952 UTC
27,2024-05-01 10:41:01.08524 UTC
50,2025-10-22 07:58:59.18632 UTC
82,2027-08-28 14:23:44.75377 UTC
22,2020-06-18 00:21:51.14511 UTC
83,2021-01-08 19:20:53.80167 UTC
86,2028-01-03 23:37:57.7978 UTC
27,2026-03-13 11:41:46.74191 UTC
16,2022-10-31 13:55:22.57831 UTC
19,2021-12-04 12:21:39.67088 UTC
72,2022-11-24 20:08:59.02789 UTC
78,2028-06-18 04:49:27.47209 UTC
68,2022-05-18 13:31:31.50621 UTC
95,2021-09-30 07:00:08.54236 UTC
4,2028-10-18 16:39:48.33856 UTC
9,2027-01-20 13:11:11.81678 UTC
15,2024-12-02 08:04:10.68701 UTC
71,2025-06-15 13:40:38.64174 UTC
63,2023-08-12 15:26:00.88679 UTC
21,2021-09-10 09:10:10.3828 UTC
93,2028-04-28 10:28:58.02044 UTC
66,2028-04-18 17:20:18.93741 UTC
62,2028-05-07 23:43:40.54053 UTC
60,2023-09-04 14:16:46.67086 UTC
54,2027-08-20 09:00:27.75838 UTC
75,2029-12-19 05:43:06.03512 UTC
0,2022-06-16 01:59:09.81982 UTC
51,2027-05-10 07:09:24.16124 UTC
32,2024-08-27 15:00:15.225 UTC
11,2025-12-02 18:32:17.76076 UTC
44,2021-03-16 23:04:28.18444 UTC
52,2029-04-16 06:16:53.6406 UTC
89,2024-10-27 00:50:32.39961 UTC
83,2020-08-29 13:32:53.32442 UTC
9,2022-10-31 20:26:17.52121 UTC
89,2027-07-29 21:50:57.09616 UTC
84,2020-11-06 16:30:13.5471 UTC
97,2027-03-20 14:28:47.43379 UTC
72,2029-10-10 07:20:12.50863 UTC
69,2026-11-08 16:11:05.75171 UTC
50,2023-09-24 19:51:21.03101 UTC
86,2027-11-18 16:31:36.49839 UTC
20,2023-01-14 05:06:00.90808 UTC
21,2021-06-29 20:38:41.8525 UTC
80,2029-03-15 05:29:21.80175 UTC
73,2020-01-26 02:22:51.97566 UTC
7,2023-09-20 19:10:34.25454 UTC
1,2023-11-29 20:58:33.36696 UTC
45,2023-10-11 17:42:30.83601 UTC
69,2026-06-30 10:43:28.78955 UTC
99,2026-11-13 09:30:31.89101 UTC
99,2026-04-30 23:00:33.31117 UTC
51,2028-03-15 21:44:19.61953 UTC
91,2025-03-24 05:20:55.64481 UTC
11,2021-03-12 17:38:14.04441 UTC
47,2020-08-01 23:43:07.18321 UTC
42,2021-06-14 16:24:40.82386 UTC
10,2020-06-04 21:59:54.67281 UTC
65,2022-12-13 12:11:05.96029 UTC
10,2029-01-02 23:52:46.5581 UTC
12,2025-03-30 13:46:13.4152 UTC
57,2029-04-18 04:47:25.35952 UTC
34,2022-12-16 20:50:05.3572 UTC
57,2022-02-27 10:12:02.85907 UTC
58,2028-12-09 22:58:34.46707 UTC
20,2025-12-24 08:58:38.74552 UTC
20,2020-10-30 06:21:36.89759 UTC
78,2022-09-25 22:35:57.38304 UTC
82,2029-12-01 21:45:38.72401 UTC
68,2029-12-13 23:20:23.07752 UTC
14,2028-01-08 20:46:01.98242 UTC
29,2025-03-21 00:18:32.18935 UTC
14,2029-05-30 05:26:24.18414 UTC
22,2022-02-21 10:19:08.99074 UTC
43,2025-06-15 13:49:00.10918 UTC
61,2026-06-16 16:42:48.27257 UTC
51,2022-09-04 19:16:30.48812 UTC
1,2029-01-21 10:25:46.31888 UTC
76,2025-02-19 02:55:25.25092 UTC
41,2028-12-25 05:27:08.69167 UTC
81,2021-06-28 22:02:15.52845 UTC
58,2026-01-11 11:43:11.73093 UTC
31,2023-06-11 14:49:21.8151 UTC
81,2027-06-17 11:15:52.05579 UTC
14,2024-09-27 19:04:00.10857 UTC
33,2024-04-25 11:51:18.46428 UTC
70,2021-04-09 23:01:31.68511 UTC
21,2023-05-30 04:49:51.33469 UTC
79,2026-12-30 10:21:44.54177 UTC
49,2022-08-16 06:29:26.08624 UTC
88,2024-12-31 12:28:38.09505 UTC
64,2020-05-04 07:10:05.80946 UTC
98,2022-07-02 07:36:29.34851 UTC
62,2024-06-06 00:55:27.98257 UTC
27,2029-07-26 06:12:08.90552 UTC
32,2028-08-29 23:01:31.96191 UTC
85,2025-02-13 03:20:38.9614 UTC
86,2023-11-05 23:18:42.51404 UTC
94,2029-08-07 07:51:54.85427 UTC
40,2025-07-10 21:17:38.52647 UTC
17,2022-06-29 14:05:51.93532 UTC
84,2022-09-08 19:43:13.07111 UTC
97,2022-01-19 08:32:31.09536 UTC
13,2026-02-06 06:09:36.12888 UTC
53,2024-02-03 18:31:58.09274 UTC
47,2023-11-30 17:39:59.5657 UTC
99,2020-10-16 09:40:40.81906 UTC
62,2028-11-27 07:43:43.91991 UTC
8,2020-08-05 12:07:00.83825 UTC
19,2021-09-08 20:16:10.05375 UTC
48,2027-07-16 23:38:59.25108 UTC
24,2021-11-15 21:30:02.60947 UTC
43,2028-06-17 08:05:36.24302 UTC
26,2029-05-05 15:05:24.07554 UTC
89,2022-12-03 21:01:39.90956 UTC
84,2020-04-29 18:43:19.1469 UTC
99,2026-07-30 21:19:10.97187 UTC
49,2028-10-14 14:45:21.03753 UTC
76,2024-01-01 22:54:44.99742 UTC
89,2025-10-19 04:26:52.72973 UTC
58,2021-09-01 16:13:15.00501 UTC
76,2026-11-22 19:06:39.38869 UTC
52,2027-06-29 18:59:23.05408 UTC
85,2021-09-10 02:21:25.46945 UTC
86,2027-01-22 20:41:44.77451 UTC
51,2024-12-16 03:43:26.50698 UTC
76,2024-05-18 20:50:03.61493 UTC
5,2023-09-16 08:34:01.28925 UTC
83,2028-07-12 12:43:00.2022 UTC
41,2026-01-29 18:28:06.89219 UTC
99,2021-09-12 21:40:44.75589 UTC
74,2025-05-27 10:06:55.82742 UTC
56,2026-10-21 14:08:45.12719 UTC
75,2024-02-28 23:11:28.23194 UTC
88,2020-04-24 06:28:54.42658 UTC
89,2020-05-03 20:35:23.99902 UTC
87,2027-11-21 23:53:10.74936 UTC
5,2027-05-14 10:28:06.11224 UTC
12,2028-10-25 05:15:44.1722 UTC
60,2026-10-11 03:36:05.97281 UTC
56,2021-06-15 03:38:52.74225 UTC
50,2026-02-02 11:56:10.78083 UTC
56,2024-08-28 14:42:48.1252 UTC
29,2021-09-17 05:46:40.72608 UTC
92,2029-10-13 07:27:26.56558 UTC
56,2027-01-01 14:49:30.60846 UTC
4,2028-03-13 20:00:14.05298 UTC
58,2027-08-29 15:39:50.5816 UTC
10,2029-08-01 17:59:07.26069 UTC
37,2027-01-30 21:05:32.49122 UTC
10,2027-09-25 07:39:19.62011 UTC
42,2021-02-18 05:08:13.65421 UTC
59,2026-09-10 14:40:31.54834 UTC
56,2023-11-11 08:00:48.2798 UTC
14,2028-07-24 08:12:29.36719 UTC
84,2028-05-17 08:26:16.8152 UTC
84,2022-03-06 00:05:06.01716 UTC
2,2028-03-19 23:58:43.35002 UTC
11,2026-05-18 00:35:59.08364 UTC
4,2025-03-06 07:43:15.60616 UTC
54,2023-09-30 07:21:01.13545 UTC
61,2022-07-25 02:24:29.01822 UTC
77,2029-01-20 06:54:04.337 UTC
87,2025-09-20 19:27:23.89227 UTC
78,2028-01-11 14:04:55.58549 UTC
53,2022-09-20 20:59:15.35403 UTC
67,2024-06-30 19:47:08.45475 UTC
30,2022-08-22 17:55:26.02554 UTC
19,2020-01-02 12:20:11.41341 UTC
33,2028-06-10 00:32:34.61286 UTC
62,2027-09-14 04:19:02.61289 UTC
60,2024-07-26 11:39:40.6639 UTC
27,2021-06-24 20:39:45.66888 UTC
26,2026-03-02 20:43:09.01098 UTC
75,2026-05-08 22:29:42.1622 UTC
46,2023-05-30 21:03:26.64685 UTC
17,2020-05-20 04:40:39.00137 UTC
53,2024-12-05 00:29:17.44481 UTC
28,2024-09-30 00:36:49.05261 UTC
17,2028-01-25 19:46:17.10293 UTC
70,2026-11-19 01:52:22.02796 UTC
53,2028-01-03 12:02:32.19683 UTC
5,2022-05-02 13:16:59.0386 UTC
41,2027-05-27 07:05:19.31278 UTC
63,2024-05-23 03:33:26.83494 UTC
94,2023-12-05 07:34:33.50714 UTC
82,2024-01-29 05:09:39.41886 UTC
50,2023-05-07 03:41:17.1582 UTC
86,2020-11-20 18:44:19.99597 UTC
1,2020-11-24 11:42:08.13816 UTC
57,2028-06-10 02:42:37.87408 UTC
65,2021-07-21 16:41:21.94803 UTC
63,2028-06-06 12:40:40.44648 UTC
86,2028-08-24 04:51:35.04853 UTC
78,2020-09-04 01:04:26.42753 UTC
79,2029-10-19 07:08:30.5679 UTC
87,2022-02-25 10:45:37.01999 UTC
15,2022-03-04 17:31:53.51716 UTC
22,2027-01-10 20:21:56.62738 UTC
20,2021-10-16 00:35:03.51199 UTC
47,2022-08-12 17:51:54.34971 UTC
88,2023-11-12 15:50:02.99648 UTC
14,2026-05-08 14:02:44.59106 UTC
74,2026-03-12 19:47:51.648 UTC
26,2021-07-12 03:03:06.13364 UTC
14,2023-04-06 14:20:31.61478 UTC
91,2021-01-15 08:36:56.38123 UTC
3,2022-10-08 09:38:33.79147 UTC
8,2022-12-16 23:22:12.80761 UTC
22,2025-07-22 21:40:50.49322 UTC
83,2023-07-03 15:30:00.94994 UTC
22,2023-09-11 04:18:50.91006 UTC
21,2026-06-04 13:01:37.08776 UTC
99,2027-01-27 15:10:13.22121 UTC
65,2025-11-03 15:11:03.14672 UTC
0,2024-11-10 20:19:08.37458 UTC
42,2027-10-07 04:08:36.49177 UTC
31,2027-01-01 04:39:52.52918 UTC
11,2025-04-19 16:34:56.89168 UTC
68,2027-10-26 16:32:42.93857 UTC
45,2022-06-10 03:51:21.80868 UTC
36,2028-12-13 14:37:26.35145 UTC
93,2025-08-15 02:00:05.72024 UTC
31,2029-07-20 21:30:50.23672 UTC
43,2023-01-19 12:06:53.81781 UTC
99,2028-05-26 21:44:58.86057 UTC
1,2028-11-05 17:46:32.72593 UTC
1,2020-07-12 08:37:51.56363 UTC
57,2024-03-11 02:50:14.7688 UTC
54,2024-03-10 09:49:29.58792 UTC
28,2022-06-22 01:07:15.72918 UTC
11,2029-07-09 12:07:11.11395 UTC
12,2028-10-01 08:42:27.08497 UTC
15,2021-08-14 12:50:15.33711 UTC
98,2027-12-10 10:36:30.26986 UTC
63,2020-02-06 05:11:18.08134 UTC
77,2022-06-10 23:23:02.72147 UTC
52,2024-04-27 00:11:29.87769 UTC
4,2029-09-17 23:34:06.29797 UTC
25,2020-08-07 17:31:30.50145 UTC
28,2021-11-15 03:21:54.90035 UTC
66,2021-03-02 09:11:47.10604 UTC
45,2029-02-07 15:52:07.12928 UTC
45,2021-08-08 23:13:57.09241 UTC
47,2029-01-20 03:57:49.18321 UTC
79,2028-12-18 11:25:19.91263 UTC
83,2025-08-07 10:41:06.54709 UTC
82,2025-09-29 16:42:15.14382 UTC
73,2020-07-23 14:54:45.21634 UTC
18,2025-12-31 07:50:38.26811 UTC
53,2023-01-01 14:12:32.82108 UTC
70,2027-04-13 08:00:00.35213 UTC
56,2021-04-13 03:11:31.8307 UTC
65,2024-04-06 20:19:13.76906 UTC
93,2026-10-13 09:39:58.38455 UTC
99,2024-01-11 23:30:36.14737 UTC
79,2026-09-21 02:12:20.78309 UTC
86,2029-03-03 21:03:47.50946 UTC
87,2021-10-03 02:58:48.48936 UTC
88,2024-05-14 23:03:51.24388 UTC
73,2026-04-04 08:27:47.7218 UTC
44,2023-01-29 06:52:24.42971 UTC
89,2022-12-16 10:31:47.65269 UTC
55,2023-10-18 05:00:01.25494 UTC
76,2029-10-27 02:11:18.86679 UTC
18,2027-12-20 23:23:54.74743 UTC
56,2029-03-17 23:50:44.73853 UTC
62,2023-07-22 18:25:42.72303 UTC
57,2025-06-08 09:12:37.26632 UTC
31,2021-08-01 14:59:54.18543 UTC
45,2020-09-05 06:41:20.83429 UTC
67,2027-06-02 14:53:10.49848 UTC
56,2024-07-22 01:52:26.30738 UTC
8,2023-10-01 04:33:11.83456 UTC
63,2026-09-24 17:33:42.36531 UTC
43,2028-10-29 10:48:56.78413 UTC
0,2026-09-16 12:12:17.28555 UTC
53,2027-03-29 15:50:14.82523 UTC
3,2022-12-16 06:48:16.69702 UTC
81,2022-06-09 20:01:40.15631 UTC
97,2029-04-07 12:31:39.00427 UTC
91,2023-02-19 19:33:18.92093 UTC
25,2026-08-24 06:31:15.00689 UTC
83,2021-10-05 17:10:44.99734 UTC
50,2023-01-05 07:46:17.30486 UTC
82,2026-03-14 11:48:21.12102 UTC
31,2022-05-06 05:38:59.79057 UTC
40,2024-05-04 10:23:52.92324 UTC
59,2020-07-11 17:21:25.32214 UTC
27,2023-06-18 15:13:51.77791 UTC
89,2027-11-24 22:12:24.31722 UTC
97,2021-11-20 07:06:31.48133 UTC
13,2020-09-21 11:21:20.62202 UTC
71,2022-11-24 13:22:13.25242 UTC
35,2029-01-19 08:04:07.99631 UTC
33,2025-10-28 19:20:09.72048 UTC
21,2021-04-27 11:04:26.49703 UTC
5,2026-07-14 17:48:25.69925 UTC
89,2024-10-24 00:42:00.54529 UTC
22,2020-08-15 22:15:06.49147 UTC
86,2021-04-21 07:17:08.86021 UTC
23,2024-12-02 07:00:42.71656 UTC
79,2020-07-03 04:35:29.7785 UTC
27,2022-08-15 11:17:01.16601 UTC
45,2029-03-18 14:52:49.14062 UTC
67,2021-04-29 18:57:21.65352 UTC
25,2020-06-28 11:26:13.56391 UTC
72,2025-06-23 21:58:04.99535 UTC
31,2025-02-15 01:57:58.90931 UTC
85,2028-08-14 10:39:48.08524 UTC
8,2026-10-28 11:30:09.67453 UTC
62,2021-06-29 06:17:37.30243 UTC
54,2025-01-21 17:50:38.39051 UTC
31,2028-06-29 02:24:01.5665 UTC
47,2025-08-02 04:42:12.66318 UTC
88,2027-12-24 02:25:33.9296 UTC
9,2022-07-21 16:52:36.90099 UTC
77,2021-08-26 13:57:11.23412 UTC
5,2025-07-01 15:33:55.43066 UTC
81,2021-04-20 09:47:07.89601 UTC
54,2027-04-22 02:20:43.66227 UTC
94,2028-01-24 15:33:18.14108 UTC
94,2025-08-03 05:16:39.29294 UTC
2,2021-08-18 01:10:11.02678 UTC
80,2024-07-04 04:13:22.02759 UTC
52,2021-07-12 12:37:36.20112 UTC
38,2023-01-08 07:32:10.36699 UTC
46,2029-12-19 08:27:19.57645 UTC
20,2024-02-05 03:39:02.77428 UTC
16,2025-04-09 02:53:17.32899 UTC
2,2026-11-30 12:01:58.90189 UTC
72,2028-05-23 00:47:18.81572 UTC
82,2029-06-01 20:14:36.50374 UTC
81,2028-09-24 22:47:02.99475 UTC
13,2021-07-17 13:07:43.77713 UTC
70,2027-03-22 09:16:38.17957 UTC
52,2029-05-12 16:47:10.77346 UTC
34,2020-02-17 03:10:04.7276 UTC
45,2027-08-19 23:35:22.1419 UTC
47,2024-01-10 10:22:37.99249 UTC
69,2020-03-29 09:56:57.32663 UTC
88,2023-01-02 07:38:36.58228 UTC
10,2025-06-15 13:34:34.44555 UTC
28,2028-04-14 10:15:04.31335 UTC
59,2027-04-04 23:29:37.23061 UTC
18,2022-03-10 07:15:49.70865 UTC
40,2025-11-19 20:41:49.87376 UTC
81,2021-05-27 08:05:26.26978 UTC
60,2020-01-03 03:22:53.86944 UTC
36,2027-06-17 05:19:40.09708 UTC
90,2025-04-25 23:07:16.39018 UTC
61,2025-02-15 20:00:45.30289 UTC
84,2020-10-05 09:27:15.79377 UTC
71,2023-12-30 22:30:25.13784 UTC
2,2028-10-04 00:14:03.86232 UTC
57,2022-05-08 23:40:59.93633 UTC
1,2023-03-01 07:09:56.50015 UTC
36,2022-03-14 14:02:18.60591 UTC
73,2020-11-27 17:25:59.45988 UTC
42,2029-06-15 15:10:58.16094 UTC
23,2020-12-19 03:32:20.13187 UTC
69,2024-11-25 23:49:56.75178 UTC
96,2024-12-19 02:43:00.09482 UTC
38,2022-12-17 16:53:09.73042 UTC
3,2021-03-21 12:55:14.87756 UTC
41,2029-10-09 10:58:36.6075 UTC
64,2025-10-08 22:29:36.72441 UTC
38,2029-02-07 10:37:35.60185 UTC
28,2027-10-24 05:28:44.51738 UTC
87,2028-11-16 08:27:50.18705 UTC
15,2029-06-03 21:38:07.50835 UTC
58,2029-07-23 21:43:11.65323 UTC
71,2029-07-02 20:04:58.06106 UTC
34,2026-02-14 07:47:53.4109 UTC
76,2026-04-12 21:12:43.82016 UTC
24,2022-05-22 06:08:41.69399 UTC
32,2020-08-26 18:23:56.53391 UTC
98,2023-01-15 06:56:03.34773 UTC
83,2023-11-07 10:12:19.8596 UTC
11,2024-10-04 14:21:48.23269 UTC
23,2023-07-22 14:41:24.59298 UTC
63,2029-12-23 04:21:36.98279 UTC
72,2028-12-18 10:59:55.58776 UTC
45,2025-11-16 00:44:42.60461 UTC
78,2028-09-07 13:18:39.53699 UTC
72,2020-10-20 11:07:09.9844 UTC
90,2022-12-30 21:18:23.94096 UTC
64,2026-07-05 07:10:05.52023 UTC
79,2025-08-09 15:43:13.12181 UTC
55,2020-03-08 20:38:37.82512 UTC
10,2025-03-11 11:54:48.83172 UTC
55,2025-02-24 23:44:59.86182 UTC
24,2024-01-21 08:07:16.90011 UTC
88,2024-11-11 14:14:37.3375 UTC
5,2027-10-02 01:38:43.93379 UTC
82,2028-11-05 04:54:54.27682 UTC
72,2025-06-27 06:32:56.56993 UTC
53,2020-09-04 15:58:37.02959 UTC
20,2028-05-26 14:34:06.51857 UTC
17,2020-10-28 21:56:24.29486 UTC
74,2021-07-23 06:27:18.18427 UTC
43,2024-02-08 18:54:13.19109 UTC
11,2027-03-03 23:55:04.48743 UTC
80,2022-08-26 06:53:15.71813 UTC
34,2024-12-23 02:39:27.77889 UTC
77,2023-10-05 13:17:32.65613 UTC
12,2027-02-27 06:44:03.55471 UTC
3,2027-05-09 07:33:53.07476 UTC
36,2029-04-01 07:49:12.96479 UTC
95,2023-10-17 00:45:38.86971 UTC
31,2020-10-02 17:50:04.58103 UTC
49,2026-10-06 18:23:22.78105 UTC
74,2022-07-15 09:45:11.72075 UTC
78,2026-10-26 16:43:38.11265 UTC
68,2023-06-30 20:09:17.87049 UTC
46,2028-01-03 11:21:11.69553 UTC
37,2020-12-16 01:09:38.97888 UTC
81,2023-11-16 13:10:16.15399 UTC
80,2029-11-28 09:14:29.06809 UTC
28,2020-01-17 02:30:27.11891 UTC
66,2023-10-22 15:02:18.2147 UTC
77,2028-03-06 05:13:39.80014 UTC
4,2029-12-23 12:03:55.15497 UTC
98,2020-03-06 22:16:54.32583 UTC
42,2021-10-26 02:13:20.86343 UTC
29,2026-11-05 13:46:06.98307 UTC
8,2027-10-06 09:50:51.41456 UTC
50,2020-06-14 14:48:58.62297 UTC
40,2028-03-17 16:25:46.55635 UTC
46,2022-03-14 19:18:41.71092 UTC
98,2020-04-15 09:59:19.37426 UTC
65,2021-11-25 09:39:42.4488 UTC
70,2027-03-28 14:07:04.22813 UTC
37,2028-12-16 07:39:10.67968 UTC
77,2026-01-13 21:11:55.43258 UTC
63,2025-10-08 19:24:07.97376 UTC
52,2026-11-23 17:48:18.90258 UTC
11,2020-10-27 13:15:01.82224 UTC
55,2023-10-06 08:02:00.4316 UTC
70,2021-03-21 14:06:49.97762 UTC
84,2020-01-19 09:09:25.21714 UTC
14,2029-08-01 23:01:45.18882 UTC
83,2020-01-11 13:26:23.38321 UTC
66,2024-03-05 19:25:08.13738 UTC
74,2022-01-16 13:27:56.32055 UTC
97,2021-05-18 05:45:17.15594 UTC
22,2023-09-15 20:30:59.74538 UTC
80,2020-02-02 08:29:50.29224 UTC
52,2022-07-23 05:16:20.67331 UTC
94,2029-08-03 09:15:02.07923 UTC
64,2029-12-27 20:35:48.3972 UTC
22,2021-04-09 02:06:36.86469 UTC
96,2023-06-29 18:20:35.84619 UTC
91,2026-11-24 18:39:49.83147 UTC
56,2022-03-04 03:00:21.11757 UTC
99,2026-12-07 10:40:34.77533 UTC
28,2025-08-30 18:36:42.82047 UTC
20,2027-10-04 16:25:19.39204 UTC
33,2023-11-07 01:38:57.87495 UTC
93,2021-07-16 10:37:31.09229 UTC
85,2028-08-24 19:50:09.71987 UTC
57,2027-01-18 14:29:03.28014 UTC
26,2020-07-18 00:23:34.96045 UTC
58,2020-01-19 08:51:19.75077 UTC
44,2028-02-09 11:25:14.72447 UTC
93,2026-06-04 18:36:54.10442 UTC
20,2025-10-04 08:51:24.42521 UTC
68,2022-09-01 15:28:59.9181 UTC
62,2021-09-20 16:53:06.75936 UTC
70,2020-09-01 18:29:11.00114 UTC
41,2022-04-13 05:00:11.44116 UTC
59,2020-07-06 12:13:25.99288 UTC
23,2021-10-28 04:50:50.79722 UTC
5,2026-10-01 08:56:47.24677 UTC
75,2026-01-25 05:11:44.04254 UTC
27,2022-04-08 15:21:23.33178 UTC
76,2024-07-21 01:23:40.83434 UTC
3,2022-08-14 21:41:50.50053 UTC
29,2029-06-13 21:47:10.62264 UTC
66,2029-10-20 21:29:23.25527 UTC
40,2021-11-19 20:56:36.68622 UTC
80,2025-03-11 07:48:31.3445 UTC
70,2028-12-26 08:06:56.3906 UTC
29,2027-11-05 05:15:07.57789 UTC
16,2023-08-27 13:59:02.19933 UTC
38,2020-06-14 10:05:26.35001 UTC
20,2021-10-02 19:29:02.32698 UTC
49,2021-10-13 12:33:30.01935 UTC
91,2028-09-08 08:07:32.53824 UTC
49,2022-02-10 18:16:28.96298 UTC
37,2023-05-15 00:17:57.36888 UTC
15,2026-11-28 06:06:03.29568 UTC
90,2023-03-10 02:51:18.08827 UTC
13,2025-01-13 04:17:36.73989 UTC
31,2021-02-12 13:45:38.04254 UTC
28,2027-11-14 17:48:50.64959 UTC
28,2023-03-20 15:19:41.42211 UTC
92,2023-05-19 15:17:02.59291 UTC
24,2021-04-28 06:28:11.30809 UTC
9,2026-12-07 18:26:43.44245 UTC
47,2028-11-14 21:48:27.06876 UTC
85,2029-08-04 00:34:50.99126 UTC
9,2022-11-03 17:27:44.21735 UTC
26,2021-04-27 03:07:31.37036 UTC
63,2020-08-06 04:31:10.26388 UTC
5,2029-09-23 22:43:04.3302 UTC
93,2023-04-04 19:40:27.71973 UTC
15,2021-12-25 00:38:06.41953 UTC
67,2023-02-09 22:44:23.22443 UTC
33,2022-06-28 22:09:35.36028 UTC
68,2027-06-23 07:01:22.78646 UTC
61,2024-08-28 20:09:23.75473 UTC
85,2025-06-05 15:00:11.41641 UTC
77,2027-11-17 01:35:57.09298 UTC
80,2021-03-08 07:04:53.05275 UTC
28,2023-06-24 05:04:05.56941 UTC
81,2021-09-11 10:28:20.92801 UTC
0,2023-06-26 21:03:40.76069 UTC
72,2025-01-29 03:56:58.77569 UTC
57,2023-11-24 06:07:40.4517 UTC
7,2022-09-28 16:45:31.39875 UTC
41,2023-12-27 09:54:20.61779 UTC
52,2025-12-22 20:38:12.43842 UTC
4,2025-02-25 02:47:14.55106 UTC
50,2021-05-13 23:30:58.03688 UTC
94,2025-07-04 19:01:26.46851 UTC
36,2028-03-26 18:09:19.33919 UTC
12,2021-12-19 07:16:08.49223 UTC
58,2027-03-22 03:41:28.28315 UTC
80,2022-05-06 23:13:42.86058 UTC
18,2020-06-22 07:33:47.86936 UTC
62,2023-02-11 21:31:44.58444 UTC
52,2020-01-19 07:22:08.29031 UTC
52,2022-01-31 21:06:22.61835 UTC
79,2023-05-19 14:49:01.19586 UTC
13,2026-02-20 14:51:43.65063 UTC
92,2024-09-07 09:01:57.13711 UTC
22,2024-01-30 23:42:10.32725 UTC
25,2027-11-16 08:52:24.74254 UTC
30,2027-10-20 03:40:38.52157 UTC
13,2022-07-13 10:38:59.74619 UTC
25,2026-05-23 05:55:02.41744 UTC
44,2022-09-26 08:23:15.82504 UTC
42,2023-06-21 03:09:16.42663 UTC
12,2021-11-05 05:44:31.10793 UTC
43,2025-06-28 22:47:08.1235 UTC
29,2020-06-27 05:30:55.67777 UTC
44,2026-03-13 18:29:51.01249 UTC
13,2024-10-04 12:21:05.6383 UTC
9,2025-10-05 12:51:12.21083 UTC
76,2023-10-12 23:42:42.45783 UTC
8,2022-11-22 09:15:50.31085 UTC
53,2025-10-14 12:40:10.07866 UTC
54,2023-02-23 18:25:56.24541 UTC
70,2020-07-17 17:53:55.44514 UTC
1,2028-03-15 01:14:12.55682 UTC
21,2023-06-24 16:58:36.46008 UTC
38,2026-05-07 18:48:23.25744 UTC
54,2027-07-24 06:27:26.27234 UTC
98,2021-06-27 07:39:43.02281 UTC
98,2024-06-05 20:06:51.02061 UTC
50,2027-10-05 15:33:18.51097 UTC
50,2026-05-09 01:17:22.05433 UTC
59,2020-04-06 09:38:48.31933 UTC
67,2028-01-21 16:42:24.7847 UTC
25,2029-04-17 22:33:22.54614 UTC
25,2025-02-15 18:04:02.25895 UTC
36,2022-10-08 01:27:17.36998 UTC
6,2023-12-23 12:00:00.61666 UTC
44,2022-01-11 09:51:18.34758 UTC
51,2021-08-18 13:31:37.49378 UTC
65,2025-01-20 15:30:09.27748 UTC
45,2025-11-10 15:14:57.30462 UTC
78,2029-10-24 02:43:06.44827 UTC
71,2025-07-28 08:45:58.6005 UTC
10,2023-12-16 01:20:26.81459 UTC
93,2029-08-14 08:56:07.90776 UTC
14,2028-08-08 18:43:14.30472 UTC
31,2027-08-18 10:18:53.12734 UTC
73,2022-11-13 12:35:10.31108 UTC
75,2028-03-01 11:35:16.46724 UTC
98,2020-11-07 16:57:18.64678 UTC
50,2026-08-07 16:04:48.8331 UTC
78,2028-03-11 01:33:06.18284 UTC
5,2029-11-28 04:31:59.42696 UTC
74,2027-07-04 22:03:02.13833 UTC
36,2024-10-13 18:46:46.08837 UTC
56,2024-04-29 03:10:48.10153 UTC
65,2029-01-29 00:20:19.92752 UTC
57,2025-03-11 00:07:23.08915 UTC
16,2026-12-16 11:16:52.15114 UTC
5,2025-12-16 21:12:53.39052 UTC
86,2028-01-27 15:38:38.99852 UTC
88,2028-10-04 19:44:24.69519 UTC
40,2029-04-01 02:27:49.61518 UTC
58,2025-11-03 00:09:10.27997 UTC
84,2027-09-15 16:06:53.037 UTC
36,2022-03-10 23:38:00.60435 UTC
96,2024-02-11 02:46:54.31942 UTC
69,2028-06-07 04:51:24.12961 UTC
60,2024-01-01 01:55:08.77114 UTC
16,2023-04-24 08:27:03.25155 UTC
27,2029-03-28 14:13:21.64871 UTC
50,2026-06-14 06:53:02.28852 UTC
30,2026-01-23 03:53:34.25852 UTC
62,2023-02-05 08:16:58.29881 UTC
86,2020-05-10 00:22:22.28596 UTC
72,2028-07-23 08:50:10.19819 UTC
12,2022-06-04 18:49:57.39657 UTC
9,2025-03-18 17:08:26.1609 UTC
10,2020-02-23 21:03:32.51505 UTC
34,2022-06-02 05:16:06.59067 UTC
95,2028-10-10 08:06:08.15617 UTC
72,2026-05-12 20:54:01.27312 UTC
29,2020-09-01 06:25:04.58064 UTC
28,2021-02-26 10:19:24.98313 UTC
99,2029-08-17 13:54:23.5401 UTC
37,2020-03-14 05:09:27.80757 UTC
17,2022-01-21 09:43:46.65085 UTC
72,2022-03-09 18:43:04.98099 UTC
44,2026-08-17 11:49:40.34917 UTC
90,2023-11-30 20:11:03.56404 UTC
56,2027-08-12 19:56:59.18916 UTC
76,2025-07-17 06:43:42.42004 UTC
47,2023-06-29 22:58:25.16543 UTC
37,2028-04-09 10:01:33.65912 UTC
68,2025-08-02 23:13:02.77439 UTC
71,2022-08-31 11:36:33.54695 UTC
48,2024-10-20 12:54:14.67346 UTC
77,2021-09-05 11:48:54.82185 UTC
89,2020-07-09 19:22:18.4097 UTC
75,2028-01-10 10:09:51.597 UTC
85,2026-05-17 23:09:11.78034 UTC
26,2027-03-22 00:35:30.04567 UTC
72,2020-06-12 11:04:15.57551 UTC
98,2023-12-11 13:38:49.25826 UTC
78,2020-04-13 19:56:20.52838 UTC
25,2025-06-30 08:03:34.71503 UTC
98,2029-08-06 22:50:20.80027 UTC
39,2023-11-24 21:27:27.86077 UTC
85,2022-03-08 00:31:37.39885 UTC
21,2023-06-17 19:33:56.69879 UTC
6,2027-06-19 00:53:29.58589 UTC
37,2027-09-17 22:23:03.3986 UTC
55,2020-03-26 00:59:31.49056 UTC
1,2023-10-26 04:16:11.53255 UTC
0,2022-10-29 07:17:07.2356 UTC
64,2029-12-28 04:19:08.58213 UTC
33,2021-05-08 07:42:37.29606 UTC
63,2025-03-01 23:37:58.32732 UTC
33,2020-04-16 12:00:00.22816 UTC
99,2024-09-21 15:02:50.68919 UTC
52,2029-07-29 10:27:38.149 UTC
42,2026-05-02 03:48:39.02451 UTC
62,2029-04-22 03:38:19.25911 UTC
73,2025-06-11 03:18:43.91428 UTC
32,2025-05-26 17:01:23.11277 UTC
15,2026-07-09 22:55:37.3621 UTC
46,2023-12-03 18:28:54.95947 UTC
96,2028-08-16 11:44:48.69186 UTC
44,2028-07-01 08:13:49.41552 UTC
37,2023-08-27 04:07:49.02849 UTC
52,2023-05-05 10:32:20.25272 UTC
97,2024-09-11 06:40:23.42141 UTC
55,2021-05-28 07:12:18.65239 UTC
48,2026-07-28 07:12:32.42356 UTC
25,2026-09-22 07:33:33.60008 UTC
36,2021-12-12 05:56:46.48473 UTC
38,2024-11-28 14:31:36.19521 UTC
22,2022-10-26 10:40:24.19852 UTC
12,2026-11-23 13:22:18.75532 UTC
4,2028-04-09 09:59:14.63722 UTC
95,2022-01-01 19:42:57.15521 UTC
98,2020-04-11 04:49:51.16498 UTC
13,2024-11-19 09:54:37.2181 UTC
54,2022-09-19 20:00:58.91541 UTC
22,2029-05-20 11:48:18.99734 UTC
29,2023-04-23 08:13:15.55353 UTC
29,2020-06-17 20:01:50.66356 UTC
33,2026-02-25 06:23:42.46869 UTC
89,2024-08-19 15:32:54.41559 UTC
29,2022-09-05 14:13:49.2285 UTC
3,2023-06-29 06:57:35.29087 UTC
32,2020-06-20 15:08:27.87508 UTC
7,2028-02-07 04:00:57.07289 UTC
18,2029-01-25 05:43:30.36398 UTC
5,2026-06-24 09:10:45.37947 UTC
77,2023-07-06 07:03:20.18032 UTC
29,2024-12-27 13:54:48.06426 UTC
29,2021-02-18 21:12:02.4909 UTC
35,2020-08-02 12:21:46.23283 UTC
